fecha_dato,jugador_id,jugador_nombre,sexo,ganancias_conocidas_eur,n_torneos_con_premio_conocido,alcance,fuente_txt,publicable
2026-09-21,J2dcff75f4f,Agustin Tapia,M,310700,16,"Cifras reales de 72 torneos (padelearnings.com + padelfip.com), no una estimación genérica",padelearnings.com + padelfip.com + padelapi.org · elaboración propia,True
2026-09-21,J3f488c4efa,Arturo Coello,M,310700,16,"Cifras reales de 72 torneos (padelearnings.com + padelfip.com), no una estimación genérica",padelearnings.com + padelfip.com + padelapi.org · elaboración propia,True
2026-09-21,J0a8d738816,Federico Chingotto,M,271400,17,"Cifras reales de 72 torneos (padelearnings.com + padelfip.com), no una estimación genérica",padelearnings.com + padelfip.com + padelapi.org · elaboración propia,True
2026-09-21,J66d1d4c075,Alejandro Galan,M,271400,17,"Cifras reales de 72 torneos (padelearnings.com + padelfip.com), no una estimación genérica",padelearnings.com + padelfip.com + padelapi.org · elaboración propia,True
2026-09-21,Jb51fbc4724,Juan Lebron,M,241650,17,"Cifras reales de 72 torneos (padelearnings.com + padelfip.com), no una estimación genérica",padelearnings.com + padelfip.com + padelapi.org · elaboración propia,True
2026-09-21,J453f6bce43,Gemma Triay Pons,F,194450,17,"Cifras reales de 72 torneos (padelearnings.com + padelfip.com), no una estimación genérica",padelearnings.com + padelfip.com + padelapi.org · elaboración propia,True
2026-09-21,Jff6d3cf766,Delfina Brea Senesi,F,194450,17,"Cifras reales de 72 torneos (padelearnings.com + padelfip.com), no una estimación genérica",padelearnings.com + padelfip.com + padelapi.org · elaboración propia,True
2026-09-21,J18715ac34f,Ariana Sanchez Fallada,F,146800,15,"Cifras reales de 72 torneos (padelearnings.com + padelfip.com), no una estimación genérica",padelearnings.com + padelfip.com + padelapi.org · elaboración propia,True
2026-09-21,J887dfc4637,Andrea Ustero Prieto,F,146800,15,"Cifras reales de 72 torneos (padelearnings.com + padelfip.com), no una estimación genérica",padelearnings.com + padelfip.com + padelapi.org · elaboración propia,True
2026-09-21,J2fc77d0946,Beatriz Gonzalez Fernandez,F,137960,17,"Cifras reales de 72 torneos (padelearnings.com + padelfip.com), no una estimación genérica",padelearnings.com + padelfip.com + padelapi.org · elaboración propia,True
2026-09-21,J5ebf306496,Paula Josemaria Martin,F,137960,17,"Cifras reales de 72 torneos (padelearnings.com + padelfip.com), no una estimación genérica",padelearnings.com + padelfip.com + padelapi.org · elaboración propia,True
2026-09-21,Ja3e8b6dc19,Leandro Augsburger,M,126225,17,"Cifras reales de 72 torneos (padelearnings.com + padelfip.com), no una estimación genérica",padelearnings.com + padelfip.com + padelapi.org · elaboración propia,True
2026-09-21,Jb5a85c23c4,Leo Augsburger,M,115425,15,"Cifras reales de 72 torneos (padelearnings.com + padelfip.com), no una estimación genérica",padelearnings.com + padelfip.com + padelapi.org · elaboración propia,True
2026-09-21,J33fad4cb39,Claudia Fernandez Sanchez,F,105819,17,"Cifras reales de 72 torneos (padelearnings.com + padelfip.com), no una estimación genérica",padelearnings.com + padelfip.com + padelapi.org · elaboración propia,True
2026-09-21,J57d012fc0b,Juan Tello,M,103438,17,"Cifras reales de 72 torneos (padelearnings.com + padelfip.com), no una estimación genérica",padelearnings.com + padelfip.com + padelapi.org · elaboración propia,True
2026-09-21,Jb052556244,Miguel Yanguas,M,101960,18,"Cifras reales de 72 torneos (padelearnings.com + padelfip.com), no una estimación genérica",padelearnings.com + padelfip.com + padelapi.org · elaboración propia,True
2026-09-21,J1063047d41,Martina Calvo Santamaria,F,96728,17,"Cifras reales de 72 torneos (padelearnings.com + padelfip.com), no una estimación genérica",padelearnings.com + padelfip.com + padelapi.org · elaboración propia,True
2026-09-21,J3966e75e7d,Franco Stupaczuk,M,95584,18,"Cifras reales de 72 torneos (padelearnings.com + padelfip.com), no una estimación genérica",padelearnings.com + padelfip.com + padelapi.org · elaboración propia,True
2026-09-21,J7d49be48b2,Javier Garcia,M,91429,20,"Cifras reales de 72 torneos (padelearnings.com + padelfip.com), no una estimación genérica",padelearnings.com + padelfip.com + padelapi.org · elaboración propia,True
2026-09-21,Jcc0712754f,Francisco Navarro,M,86560,17,"Cifras reales de 72 torneos (padelearnings.com + padelfip.com), no una estimación genérica",padelearnings.com + padelfip.com + padelapi.org · elaboración propia,True
2026-09-21,J864f354a52,Martin Di Nenno,M,85185,19,"Cifras reales de 72 torneos (padelearnings.com + padelfip.com), no una estimación genérica",padelearnings.com + padelfip.com + padelapi.org · elaboración propia,True
2026-09-21,Je4f541002b,Francisco Guerrero,M,82839,19,"Cifras reales de 72 torneos (padelearnings.com + padelfip.com), no una estimación genérica",padelearnings.com + padelfip.com + padelapi.org · elaboración propia,True
2026-09-21,J5a04c3480e,Alejandra Alonso De Villa,F,78043,19,"Cifras reales de 72 torneos (padelearnings.com + padelfip.com), no una estimación genérica",padelearnings.com + padelfip.com + padelapi.org · elaboración propia,True
2026-09-21,J1eaf117310,Alejandro Arroyo,M,75547,23,"Cifras reales de 72 torneos (padelearnings.com + padelfip.com), no una estimación genérica",padelearnings.com + padelfip.com + padelapi.org · elaboración propia,True
2026-09-21,Jc86618f5bb,Jorge Nieto,M,75309,17,"Cifras reales de 72 torneos (padelearnings.com + padelfip.com), no una estimación genérica",padelearnings.com + padelfip.com + padelapi.org · elaboración propia,True
2026-09-21,Jb5dae7e68e,Juanlu Esbri,M,74371,19,"Cifras reales de 72 torneos (padelearnings.com + padelfip.com), no una estimación genérica",padelearnings.com + padelfip.com + padelapi.org · elaboración propia,True
2026-09-21,J58eb0b527a,Sofia Araujo,F,73894,17,"Cifras reales de 72 torneos (padelearnings.com + padelfip.com), no una estimación genérica",padelearnings.com + padelfip.com + padelapi.org · elaboración propia,True
2026-09-21,J1748c0edca,Veronica Virseda,F,71576,19,"Cifras reales de 72 torneos (padelearnings.com + padelfip.com), no una estimación genérica",padelearnings.com + padelfip.com + padelapi.org · elaboración propia,True
2026-09-21,J03644b2521,Jon Sanz,M,70683,18,"Cifras reales de 72 torneos (padelearnings.com + padelfip.com), no una estimación genérica",padelearnings.com + padelfip.com + padelapi.org · elaboración propia,True
2026-09-21,Je9aa878b34,Momo Gonzalez,M,67835,18,"Cifras reales de 72 torneos (padelearnings.com + padelfip.com), no una estimación genérica",padelearnings.com + padelfip.com + padelapi.org · elaboración propia,True
2026-09-21,J5dfae7a361,Javier Leal,M,66733,19,"Cifras reales de 72 torneos (padelearnings.com + padelfip.com), no una estimación genérica",padelearnings.com + padelfip.com + padelapi.org · elaboración propia,True
2026-09-21,Jfc519aa41a,Javier Barahona,M,65956,19,"Cifras reales de 72 torneos (padelearnings.com + padelfip.com), no una estimación genérica",padelearnings.com + padelfip.com + padelapi.org · elaboración propia,True
2026-09-21,J824a242f52,Marta Ortega Gallego,F,64803,17,"Cifras reales de 72 torneos (padelearnings.com + padelfip.com), no una estimación genérica",padelearnings.com + padelfip.com + padelapi.org · elaboración propia,True
2026-09-21,J3ca24067a4,Lucas Campagnolo,M,62491,16,"Cifras reales de 72 torneos (padelearnings.com + padelfip.com), no una estimación genérica",padelearnings.com + padelfip.com + padelapi.org · elaboración propia,True
2026-09-21,J4ed9611095,Marina Guinart,F,58482,16,"Cifras reales de 72 torneos (padelearnings.com + padelfip.com), no una estimación genérica",padelearnings.com + padelfip.com + padelapi.org · elaboración propia,True
2026-09-21,J03d496b53b,Claudia Jensen,F,58019,16,"Cifras reales de 72 torneos (padelearnings.com + padelfip.com), no una estimación genérica",padelearnings.com + padelfip.com + padelapi.org · elaboración propia,True
2026-09-21,Jedaaaa96d1,Tamara Icardo Alcorisa,F,58019,16,"Cifras reales de 72 torneos (padelearnings.com + padelfip.com), no una estimación genérica",padelearnings.com + padelfip.com + padelapi.org · elaboración propia,True
2026-09-21,Jd258277803,Jairo Bautista,M,57802,20,"Cifras reales de 72 torneos (padelearnings.com + padelfip.com), no una estimación genérica",padelearnings.com + padelfip.com + padelapi.org · elaboración propia,True
2026-09-21,J9a0153a6ab,Inigo Jofre,M,57670,21,"Cifras reales de 72 torneos (padelearnings.com + padelfip.com), no una estimación genérica",padelearnings.com + padelfip.com + padelapi.org · elaboración propia,True
2026-09-21,J9f791e7872,Eduardo Alonso,M,55390,16,"Cifras reales de 72 torneos (padelearnings.com + padelfip.com), no una estimación genérica",padelearnings.com + padelfip.com + padelapi.org · elaboración propia,True
2026-09-21,Jb00374b105,Maximiliano Arce,M,53703,16,"Cifras reales de 72 torneos (padelearnings.com + padelfip.com), no una estimación genérica",padelearnings.com + padelfip.com + padelapi.org · elaboración propia,True
2026-09-21,Jd365378064,Alejandra Salazar Bengoechea,F,53688,20,"Cifras reales de 72 torneos (padelearnings.com + padelfip.com), no una estimación genérica",padelearnings.com + padelfip.com + padelapi.org · elaboración propia,True
2026-09-21,J46732aee41,Lucas Bergamini,M,53320,19,"Cifras reales de 72 torneos (padelearnings.com + padelfip.com), no una estimación genérica",padelearnings.com + padelfip.com + padelapi.org · elaboración propia,True
2026-09-21,Je87f67ed72,Javier Garrido,M,53320,19,"Cifras reales de 72 torneos (padelearnings.com + padelfip.com), no una estimación genérica",padelearnings.com + padelfip.com + padelapi.org · elaboración propia,True
2026-09-21,Jf4442bd585,Edu Alonso,M,53140,16,"Cifras reales de 72 torneos (padelearnings.com + padelfip.com), no una estimación genérica",padelearnings.com + padelfip.com + padelapi.org · elaboración propia,True
2026-09-21,J6d1ce958c7,Aimar Goñi Lacabe,M,51452,16,"Cifras reales de 72 torneos (padelearnings.com + padelfip.com), no una estimación genérica",padelearnings.com + padelfip.com + padelapi.org · elaboración propia,True
2026-09-21,J8dc6db961d,Sanyo Gutierrez,M,49350,20,"Cifras reales de 72 torneos (padelearnings.com + padelfip.com), no una estimación genérica",padelearnings.com + padelfip.com + padelapi.org · elaboración propia,True
2026-09-21,J0f2f57e2e9,Aimar Goñi,M,48671,15,"Cifras reales de 72 torneos (padelearnings.com + padelfip.com), no una estimación genérica",padelearnings.com + padelfip.com + padelapi.org · elaboración propia,True
2026-09-21,Jc701a92c41,Jose Antonio Diestro,M,48515,21,"Cifras reales de 72 torneos (padelearnings.com + padelfip.com), no una estimación genérica",padelearnings.com + padelfip.com + padelapi.org · elaboración propia,True
2026-09-21,J346977ce43,Marina Guinart España,F,47876,17,"Cifras reales de 72 torneos (padelearnings.com + padelfip.com), no una estimación genérica",padelearnings.com + padelfip.com + padelapi.org · elaboración propia,True
2026-09-21,J5554679337,Alejandro Ruiz,M,47079,17,"Cifras reales de 72 torneos (padelearnings.com + padelfip.com), no una estimación genérica",padelearnings.com + padelfip.com + padelapi.org · elaboración propia,True
2026-09-21,Jc7e7f6afc3,Alex Ruiz,M,46560,18,"Cifras reales de 72 torneos (padelearnings.com + padelfip.com), no una estimación genérica",padelearnings.com + padelfip.com + padelapi.org · elaboración propia,True
2026-09-21,J1bbe9fa09a,Jose Jimenez,M,45386,17,"Cifras reales de 72 torneos (padelearnings.com + padelfip.com), no una estimación genérica",padelearnings.com + padelfip.com + padelapi.org · elaboración propia,True
2026-09-21,Jc15557af2d,Aranzazu Osoro Ulrich,F,45099,20,"Cifras reales de 72 torneos (padelearnings.com + padelfip.com), no una estimación genérica",padelearnings.com + padelfip.com + padelapi.org · elaboración propia,True
2026-09-21,J0ee772b698,Francisco Cabeza Teres,M,42514,13,"Cifras reales de 72 torneos (padelearnings.com + padelfip.com), no una estimación genérica",padelearnings.com + padelfip.com + padelapi.org · elaboración propia,True
2026-09-21,J957fcb5137,Tino Libaak,M,42249,19,"Cifras reales de 72 torneos (padelearnings.com + padelfip.com), no una estimación genérica",padelearnings.com + padelfip.com + padelapi.org · elaboración propia,True
2026-09-21,J139c18aa02,Tolito Aguirre,M,41958,20,"Cifras reales de 72 torneos (padelearnings.com + padelfip.com), no una estimación genérica",padelearnings.com + padelfip.com + padelapi.org · elaboración propia,True
2026-09-21,J8c4ee6d30b,Raquel Eugenio Barrera,F,41670,19,"Cifras reales de 72 torneos (padelearnings.com + padelfip.com), no una estimación genérica",padelearnings.com + padelfip.com + padelapi.org · elaboración propia,True
2026-09-21,Jeb0073ee8d,Jose Jimenez Casas,M,41622,14,"Cifras reales de 72 torneos (padelearnings.com + padelfip.com), no una estimación genérica",padelearnings.com + padelfip.com + padelapi.org · elaboración propia,True
2026-09-21,J4db2cceab3,Beatriz Caldera Sanchez,F,41501,19,"Cifras reales de 72 torneos (padelearnings.com + padelfip.com), no una estimación genérica",padelearnings.com + padelfip.com + padelapi.org · elaboración propia,True
2026-09-21,J62d2c032e1,Carmen Goenaga Garcia,F,41501,19,"Cifras reales de 72 torneos (padelearnings.com + padelfip.com), no una estimación genérica",padelearnings.com + padelfip.com + padelapi.org · elaboración propia,True
2026-09-21,J6e9d5e3ab7,Patricia Llaguno Zielinski,F,41405,19,"Cifras reales de 72 torneos (padelearnings.com + padelfip.com), no una estimación genérica",padelearnings.com + padelfip.com + padelapi.org · elaboración propia,True
2026-09-21,J20c7a47bb1,Victoria Iglesias Segador,F,40827,20,"Cifras reales de 72 torneos (padelearnings.com + padelfip.com), no una estimación genérica",padelearnings.com + padelfip.com + padelapi.org · elaboración propia,True
2026-09-21,J5abf1f22ae,Nuria Rodriguez,F,40574,17,"Cifras reales de 72 torneos (padelearnings.com + padelfip.com), no una estimación genérica",padelearnings.com + padelfip.com + padelapi.org · elaboración propia,True
2026-09-21,Jffa0668f6e,Giulia Dal Pozzo,F,40574,17,"Cifras reales de 72 torneos (padelearnings.com + padelfip.com), no una estimación genérica",padelearnings.com + padelfip.com + padelapi.org · elaboración propia,True
2026-09-21,J1d22415cef,Maximiliano Arce Simo,M,40279,14,"Cifras reales de 72 torneos (padelearnings.com + padelfip.com), no una estimación genérica",padelearnings.com + padelfip.com + padelapi.org · elaboración propia,True
2026-09-21,J5fc53d9153,Gonzalo Alfonso,M,40097,19,"Cifras reales de 72 torneos (padelearnings.com + padelfip.com), no una estimación genérica",padelearnings.com + padelfip.com + padelapi.org · elaboración propia,True
2026-09-21,Jc4223aa1d9,Marta Barrera De La Fuente,F,38886,20,"Cifras reales de 72 torneos (padelearnings.com + padelfip.com), no una estimación genérica",padelearnings.com + padelfip.com + padelapi.org · elaboración propia,True
2026-09-21,J98f60d4348,Lorena Rufo Ortiz,F,38838,22,"Cifras reales de 72 torneos (padelearnings.com + padelfip.com), no una estimación genérica",padelearnings.com + padelfip.com + padelapi.org · elaboración propia,True
2026-09-21,Ja6c6dbc64b,Lucia Sainz Pelegri,F,38812,22,"Cifras reales de 72 torneos (padelearnings.com + padelfip.com), no una estimación genérica",padelearnings.com + padelfip.com + padelapi.org · elaboración propia,True
2026-09-21,J5aa55d3ebb,Alex Chozas,M,38679,18,"Cifras reales de 72 torneos (padelearnings.com + padelfip.com), no una estimación genérica",padelearnings.com + padelfip.com + padelapi.org · elaboración propia,True
2026-09-21,J30dcba36de,Javier Martinez,M,38516,12,"Cifras reales de 72 torneos (padelearnings.com + padelfip.com), no una estimación genérica",padelearnings.com + padelfip.com + padelapi.org · elaboración propia,True
2026-09-21,J71dafc1dee,Carolina Orsi,F,38301,18,"Cifras reales de 72 torneos (padelearnings.com + padelfip.com), no una estimación genérica",padelearnings.com + padelfip.com + padelapi.org · elaboración propia,True
2026-09-21,J076ace699f,Marc Sintes Villalonga,M,37615,13,"Cifras reales de 72 torneos (padelearnings.com + padelfip.com), no una estimación genérica",padelearnings.com + padelfip.com + padelapi.org · elaboración propia,True
2026-09-21,Jfa2c5f1151,Martina Fassio Goyeneche,F,36696,19,"Cifras reales de 72 torneos (padelearnings.com + padelfip.com), no una estimación genérica",padelearnings.com + padelfip.com + padelapi.org · elaboración propia,True
2026-09-21,Jf7bcd83489,Jessica Castello Lopez,F,36049,22,"Cifras reales de 72 torneos (padelearnings.com + padelfip.com), no una estimación genérica",padelearnings.com + padelfip.com + padelapi.org · elaboración propia,True
2026-09-21,J7c981678ab,Jana Montes Cabruja,F,34762,23,"Cifras reales de 72 torneos (padelearnings.com + padelfip.com), no una estimación genérica",padelearnings.com + padelfip.com + padelapi.org · elaboración propia,True
2026-09-21,J8047ca3362,Jimena Velasco Postiguillo,F,34610,19,"Cifras reales de 72 torneos (padelearnings.com + padelfip.com), no una estimación genérica",padelearnings.com + padelfip.com + padelapi.org · elaboración propia,True
2026-09-21,Jd464e7d76e,Pablo Lijo,M,33261,18,"Cifras reales de 72 torneos (padelearnings.com + padelfip.com), no una estimación genérica",padelearnings.com + padelfip.com + padelapi.org · elaboración propia,True
2026-09-21,J554e552e53,Enzo Jensen,M,32138,13,"Cifras reales de 72 torneos (padelearnings.com + padelfip.com), no una estimación genérica",padelearnings.com + padelfip.com + padelapi.org · elaboración propia,True
2026-09-21,J17b4d7d535,David Gala,M,31553,14,"Cifras reales de 72 torneos (padelearnings.com + padelfip.com), no una estimación genérica",padelearnings.com + padelfip.com + padelapi.org · elaboración propia,True
2026-09-21,J50955e1331,Marta Talavan,F,31435,21,"Cifras reales de 72 torneos (padelearnings.com + padelfip.com), no una estimación genérica",padelearnings.com + padelfip.com + padelapi.org · elaboración propia,True
2026-09-21,J228fb9df2c,Maxi Sanchez Blasco,M,31264,15,"Cifras reales de 72 torneos (padelearnings.com + padelfip.com), no una estimación genérica",padelearnings.com + padelfip.com + padelapi.org · elaboración propia,True
2026-09-21,Jc15c097110,Pablo Garcia Rodrigo,M,30938,17,"Cifras reales de 72 torneos (padelearnings.com + padelfip.com), no una estimación genérica",padelearnings.com + padelfip.com + padelapi.org · elaboración propia,True
2026-09-21,J40e71ee46d,Maria Eulalia Rodriguez Abajo,F,30891,20,"Cifras reales de 72 torneos (padelearnings.com + padelfip.com), no una estimación genérica",padelearnings.com + padelfip.com + padelapi.org · elaboración propia,True
2026-09-21,J8faea08e3e,Noa Canovas Paredes,F,30391,19,"Cifras reales de 72 torneos (padelearnings.com + padelfip.com), no una estimación genérica",padelearnings.com + padelfip.com + padelapi.org · elaboración propia,True
2026-09-21,J52168946af,Guillermo Collado Losada,M,29444,12,"Cifras reales de 72 torneos (padelearnings.com + padelfip.com), no una estimación genérica",padelearnings.com + padelfip.com + padelapi.org · elaboración propia,True
2026-09-21,J608273a413,Pol Hernandez Alvarez,M,29444,12,"Cifras reales de 72 torneos (padelearnings.com + padelfip.com), no una estimación genérica",padelearnings.com + padelfip.com + padelapi.org · elaboración propia,True
2026-09-21,J70f2211226,Luis Hernandez,M,27967,13,"Cifras reales de 72 torneos (padelearnings.com + padelfip.com), no una estimación genérica",padelearnings.com + padelfip.com + padelapi.org · elaboración propia,True
2026-09-21,J7ab2bc591f,Alix Collombon,F,27513,23,"Cifras reales de 72 torneos (padelearnings.com + padelfip.com), no una estimación genérica",padelearnings.com + padelfip.com + padelapi.org · elaboración propia,True
2026-09-21,Je31d540de7,Enrique Goenaga,M,27072,11,"Cifras reales de 72 torneos (padelearnings.com + padelfip.com), no una estimación genérica",padelearnings.com + padelfip.com + padelapi.org · elaboración propia,True
2026-09-21,J72e671c129,Gonzalo Gabriel Alfonso,M,27049,12,"Cifras reales de 72 torneos (padelearnings.com + padelfip.com), no una estimación genérica",padelearnings.com + padelfip.com + padelapi.org · elaboración propia,True
2026-09-21,Jd909009789,Luis Hernandez Quesada,M,26771,12,"Cifras reales de 72 torneos (padelearnings.com + padelfip.com), no una estimación genérica",padelearnings.com + padelfip.com + padelapi.org · elaboración propia,True
2026-09-21,J6f8b940dbb,Ksenia Sharifova,F,26629,22,"Cifras reales de 72 torneos (padelearnings.com + padelfip.com), no una estimación genérica",padelearnings.com + padelfip.com + padelapi.org · elaboración propia,True
2026-09-21,Jd763c527b4,Marta Caparros Maldonado,F,26347,22,"Cifras reales de 72 torneos (padelearnings.com + padelfip.com), no una estimación genérica",padelearnings.com + padelfip.com + padelapi.org · elaboración propia,True
2026-09-21,J915f4a7841,Sofia Saiz Vallejo,F,26185,18,"Cifras reales de 72 torneos (padelearnings.com + padelfip.com), no una estimación genérica",padelearnings.com + padelfip.com + padelapi.org · elaboración propia,True
2026-09-21,Jce70995405,David Gala Sanchez,M,26111,13,"Cifras reales de 72 torneos (padelearnings.com + padelfip.com), no una estimación genérica",padelearnings.com + padelfip.com + padelapi.org · elaboración propia,True
2026-09-21,Je644dc7be9,Juan Ignacio Rubini,M,25655,13,"Cifras reales de 72 torneos (padelearnings.com + padelfip.com), no una estimación genérica",padelearnings.com + padelfip.com + padelapi.org · elaboración propia,True
2026-09-21,J1ccf403805,Juan Ignacio De Pascual,M,24859,10,"Cifras reales de 72 torneos (padelearnings.com + padelfip.com), no una estimación genérica",padelearnings.com + padelfip.com + padelapi.org · elaboración propia,True
2026-09-21,J5eee28c5a2,Alonso Rodriguez Martinez,M,24729,10,"Cifras reales de 72 torneos (padelearnings.com + padelfip.com), no una estimación genérica",padelearnings.com + padelfip.com + padelapi.org · elaboración propia,True
2026-09-21,J6f4fcb129b,Pol Hernandez,M,24720,12,"Cifras reales de 72 torneos (padelearnings.com + padelfip.com), no una estimación genérica",padelearnings.com + padelfip.com + padelapi.org · elaboración propia,True
2026-09-21,Ja30a800420,Guillermo Collado,M,24720,12,"Cifras reales de 72 torneos (padelearnings.com + padelfip.com), no una estimación genérica",padelearnings.com + padelfip.com + padelapi.org · elaboración propia,True
2026-09-21,J9ec737a396,Enzo Jensen Sirvent,M,23955,11,"Cifras reales de 72 torneos (padelearnings.com + padelfip.com), no una estimación genérica",padelearnings.com + padelfip.com + padelapi.org · elaboración propia,True
2026-09-21,J542989ecc5,Lucia Martinez Gomez,F,23532,18,"Cifras reales de 72 torneos (padelearnings.com + padelfip.com), no una estimación genérica",padelearnings.com + padelfip.com + padelapi.org · elaboración propia,True
2026-09-21,J958b2c0265,Ignacio Piotto Albornoz,M,23036,10,"Cifras reales de 72 torneos (padelearnings.com + padelfip.com), no una estimación genérica",padelearnings.com + padelfip.com + padelapi.org · elaboración propia,True
2026-09-21,J4f83800edd,Ignacio Piotto,M,22892,12,"Cifras reales de 72 torneos (padelearnings.com + padelfip.com), no una estimación genérica",padelearnings.com + padelfip.com + padelapi.org · elaboración propia,True
2026-09-21,J5317cb6765,Laura Lujan Rodriguez,F,22668,20,"Cifras reales de 72 torneos (padelearnings.com + padelfip.com), no una estimación genérica",padelearnings.com + padelfip.com + padelapi.org · elaboración propia,True
2026-09-21,J4f8105ed8a,Teresa Navarro lopez-Barajas,F,22414,20,"Cifras reales de 72 torneos (padelearnings.com + padelfip.com), no una estimación genérica",padelearnings.com + padelfip.com + padelapi.org · elaboración propia,True
2026-09-21,Jb19fc68f15,Agueda Perez Ortiz,F,21820,18,"Cifras reales de 72 torneos (padelearnings.com + padelfip.com), no una estimación genérica",padelearnings.com + padelfip.com + padelapi.org · elaboración propia,True
2026-09-21,Jf88efe2641,Araceli Martinez,F,21435,16,"Cifras reales de 72 torneos (padelearnings.com + padelfip.com), no una estimación genérica",padelearnings.com + padelfip.com + padelapi.org · elaboración propia,True
2026-09-21,Jee49394d53,Mariano Gonzalez,M,21407,11,"Cifras reales de 72 torneos (padelearnings.com + padelfip.com), no una estimación genérica",padelearnings.com + padelfip.com + padelapi.org · elaboración propia,True
2026-09-21,Jbc19eb72db,Virginia Riera,F,21016,19,"Cifras reales de 72 torneos (padelearnings.com + padelfip.com), no una estimación genérica",padelearnings.com + padelfip.com + padelapi.org · elaboración propia,True
2026-09-21,J22df6825b2,Julieta Evangelina Bidahorria,F,20649,20,"Cifras reales de 72 torneos (padelearnings.com + padelfip.com), no una estimación genérica",padelearnings.com + padelfip.com + padelapi.org · elaboración propia,True
2026-09-21,J3fbd535bb9,Marta Borrero,F,20609,21,"Cifras reales de 72 torneos (padelearnings.com + padelfip.com), no una estimación genérica",padelearnings.com + padelfip.com + padelapi.org · elaboración propia,True
2026-09-21,Jcbe108be01,Mario Del Castillo,M,20578,6,"Cifras reales de 72 torneos (padelearnings.com + padelfip.com), no una estimación genérica",padelearnings.com + padelfip.com + padelapi.org · elaboración propia,True
2026-09-21,Ja7ef7fd3cc,Daniel Santigosa,M,20451,12,"Cifras reales de 72 torneos (padelearnings.com + padelfip.com), no una estimación genérica",padelearnings.com + padelfip.com + padelapi.org · elaboración propia,True
2026-09-21,J4c1c3082f8,Victor Ruiz,M,20276,15,"Cifras reales de 72 torneos (padelearnings.com + padelfip.com), no una estimación genérica",padelearnings.com + padelfip.com + padelapi.org · elaboración propia,True
2026-09-21,J4ac166dfca,Letizia Maria Manquillo Alarza,F,20150,20,"Cifras reales de 72 torneos (padelearnings.com + padelfip.com), no una estimación genérica",padelearnings.com + padelfip.com + padelapi.org · elaboración propia,True
2026-09-21,Jf643851e7b,Manuel Castaño Salguero,M,19973,9,"Cifras reales de 72 torneos (padelearnings.com + padelfip.com), no una estimación genérica",padelearnings.com + padelfip.com + padelapi.org · elaboración propia,True
2026-09-21,Jb87af1df79,Alvaro Cepero,M,19758,15,"Cifras reales de 72 torneos (padelearnings.com + padelfip.com), no una estimación genérica",padelearnings.com + padelfip.com + padelapi.org · elaboración propia,True
2026-09-21,J0260addac2,Flavio Abbate,M,19646,10,"Cifras reales de 72 torneos (padelearnings.com + padelfip.com), no una estimación genérica",padelearnings.com + padelfip.com + padelapi.org · elaboración propia,True
2026-09-21,Je895a77453,Luciano Capra,M,18792,8,"Cifras reales de 72 torneos (padelearnings.com + padelfip.com), no una estimación genérica",padelearnings.com + padelfip.com + padelapi.org · elaboración propia,True
2026-09-21,J57b0895b3c,Daiara Agustina Valenzuela,F,18743,15,"Cifras reales de 72 torneos (padelearnings.com + padelfip.com), no una estimación genérica",padelearnings.com + padelfip.com + padelapi.org · elaboración propia,True
2026-09-21,J39c4286d08,Noemi Aguilar Carrillo,F,18340,17,"Cifras reales de 72 torneos (padelearnings.com + padelfip.com), no una estimación genérica",padelearnings.com + padelfip.com + padelapi.org · elaboración propia,True
2026-09-21,J220847832f,Marina Lobo,F,18138,15,"Cifras reales de 72 torneos (padelearnings.com + padelfip.com), no una estimación genérica",padelearnings.com + padelfip.com + padelapi.org · elaboración propia,True
2026-09-21,Jd6a5776124,Federico Mouriño,M,17796,12,"Cifras reales de 72 torneos (padelearnings.com + padelfip.com), no una estimación genérica",padelearnings.com + padelfip.com + padelapi.org · elaboración propia,True
2026-09-21,Jdb188d98e2,Marc Quilez,M,17796,12,"Cifras reales de 72 torneos (padelearnings.com + padelfip.com), no una estimación genérica",padelearnings.com + padelfip.com + padelapi.org · elaboración propia,True
2026-09-21,J1bdcb6af3d,Lea Godallier,F,17536,15,"Cifras reales de 72 torneos (padelearnings.com + padelfip.com), no una estimación genérica",padelearnings.com + padelfip.com + padelapi.org · elaboración propia,True
2026-09-21,Jfc5510612d,Maximiliano Sanchez Blasco,M,17517,8,"Cifras reales de 72 torneos (padelearnings.com + padelfip.com), no una estimación genérica",padelearnings.com + padelfip.com + padelapi.org · elaboración propia,True
2026-09-21,J01fc387bb2,Clement Geens,M,17468,14,"Cifras reales de 72 torneos (padelearnings.com + padelfip.com), no una estimación genérica",padelearnings.com + padelfip.com + padelapi.org · elaboración propia,True
2026-09-21,Jc50798b35b,Mariano Agustin Gonzalez San Martin,M,17270,6,"Cifras reales de 72 torneos (padelearnings.com + padelfip.com), no una estimación genérica",padelearnings.com + padelfip.com + padelapi.org · elaboración propia,True
2026-09-21,Jd3cc94257a,Jose Luis Gonzalez,M,17243,11,"Cifras reales de 72 torneos (padelearnings.com + padelfip.com), no una estimación genérica",padelearnings.com + padelfip.com + padelapi.org · elaboración propia,True
2026-09-21,J9bdafce445,Manuel Castaño,M,16771,10,"Cifras reales de 72 torneos (padelearnings.com + padelfip.com), no una estimación genérica",padelearnings.com + padelfip.com + padelapi.org · elaboración propia,True
2026-09-21,Jc7c102b375,Gonzalo Rubio,M,16501,16,"Cifras reales de 72 torneos (padelearnings.com + padelfip.com), no una estimación genérica",padelearnings.com + padelfip.com + padelapi.org · elaboración propia,True
2026-09-21,J07daf28cda,Claudia Escacena Montero,F,16411,13,"Cifras reales de 72 torneos (padelearnings.com + padelfip.com), no una estimación genérica",padelearnings.com + padelfip.com + padelapi.org · elaboración propia,True
2026-09-21,J7d9773b689,Denis Tomas Perino,M,16217,11,"Cifras reales de 72 torneos (padelearnings.com + padelfip.com), no una estimación genérica",padelearnings.com + padelfip.com + padelapi.org · elaboración propia,True
2026-09-21,Je0b951c9ea,Alvaro Montiel Caruso,M,16196,10,"Cifras reales de 72 torneos (padelearnings.com + padelfip.com), no una estimación genérica",padelearnings.com + padelfip.com + padelapi.org · elaboración propia,True
2026-09-21,Jc23b872f9b,Javier Ruiz,M,15768,13,"Cifras reales de 72 torneos (padelearnings.com + padelfip.com), no una estimación genérica",padelearnings.com + padelfip.com + padelapi.org · elaboración propia,True
2026-09-21,Jdfa81c12b1,Julia Polo Bautista,F,15757,10,"Cifras reales de 72 torneos (padelearnings.com + padelfip.com), no una estimación genérica",padelearnings.com + padelfip.com + padelapi.org · elaboración propia,True
2026-09-21,J94fe77006a,Nacho Vilariño,M,15734,7,"Cifras reales de 72 torneos (padelearnings.com + padelfip.com), no una estimación genérica",padelearnings.com + padelfip.com + padelapi.org · elaboración propia,True
2026-09-21,J5c885e3a03,Giorgia Marchetti,F,15728,15,"Cifras reales de 72 torneos (padelearnings.com + padelfip.com), no una estimación genérica",padelearnings.com + padelfip.com + padelapi.org · elaboración propia,True
2026-09-21,J8bb6ff51a3,Francisco Gil,M,15706,13,"Cifras reales de 72 torneos (padelearnings.com + padelfip.com), no una estimación genérica",padelearnings.com + padelfip.com + padelapi.org · elaboración propia,True
2026-09-21,Jac2f21a542,Patricia Martinez Fortun,F,15625,10,"Cifras reales de 72 torneos (padelearnings.com + padelfip.com), no una estimación genérica",padelearnings.com + padelfip.com + padelapi.org · elaboración propia,True
2026-09-21,J779324a6f0,Antonio Fernandez,M,15558,12,"Cifras reales de 72 torneos (padelearnings.com + padelfip.com), no una estimación genérica",padelearnings.com + padelfip.com + padelapi.org · elaboración propia,True
2026-09-21,Jfe61a3b0ad,Juan Cruz Belluati,M,15480,8,"Cifras reales de 72 torneos (padelearnings.com + padelfip.com), no una estimación genérica",padelearnings.com + padelfip.com + padelapi.org · elaboración propia,True
2026-09-21,J155f638b0a,Ignacio Vilariño Gestoso,M,15164,6,"Cifras reales de 72 torneos (padelearnings.com + padelfip.com), no una estimación genérica",padelearnings.com + padelfip.com + padelapi.org · elaboración propia,True
2026-09-21,Jcfb7752c55,Juan Zamorà Perez,M,14595,8,"Cifras reales de 72 torneos (padelearnings.com + padelfip.com), no una estimación genérica",padelearnings.com + padelfip.com + padelapi.org · elaboración propia,True
2026-09-21,J7ca1fe633f,Dylan Guichard,M,14303,10,"Cifras reales de 72 torneos (padelearnings.com + padelfip.com), no una estimación genérica",padelearnings.com + padelfip.com + padelapi.org · elaboración propia,True
2026-09-21,J26c79ff5e3,Daniel Santigosa Sastre,M,13754,7,"Cifras reales de 72 torneos (padelearnings.com + padelfip.com), no una estimación genérica",padelearnings.com + padelfip.com + padelapi.org · elaboración propia,True
2026-09-21,J59240cdf7c,Arnau Ayats,M,13442,7,"Cifras reales de 72 torneos (padelearnings.com + padelfip.com), no una estimación genérica",padelearnings.com + padelfip.com + padelapi.org · elaboración propia,True
2026-09-21,Jf33e254f11,Aida Martinez Sanjuan,F,13334,14,"Cifras reales de 72 torneos (padelearnings.com + padelfip.com), no una estimación genérica",padelearnings.com + padelfip.com + padelapi.org · elaboración propia,True
2026-09-21,J79f2a2ce32,Francisco Manuel Gil,M,13222,7,"Cifras reales de 72 torneos (padelearnings.com + padelfip.com), no una estimación genérica",padelearnings.com + padelfip.com + padelapi.org · elaboración propia,True
2026-09-21,J672acea693,Mario Ortega,M,13191,6,"Cifras reales de 72 torneos (padelearnings.com + padelfip.com), no una estimación genérica",padelearnings.com + padelfip.com + padelapi.org · elaboración propia,True
2026-09-21,Ja45b0c41b8,Ariadna Cañellas Rodero,F,12938,12,"Cifras reales de 72 torneos (padelearnings.com + padelfip.com), no una estimación genérica",padelearnings.com + padelfip.com + padelapi.org · elaboración propia,True
2026-09-21,J3e21f5447c,Camila Fassio Goyeneche,F,12812,19,"Cifras reales de 72 torneos (padelearnings.com + padelfip.com), no una estimación genérica",padelearnings.com + padelfip.com + padelapi.org · elaboración propia,True
2026-09-21,J42dbb65621,Barbara Las Heras,F,12655,10,"Cifras reales de 72 torneos (padelearnings.com + padelfip.com), no una estimación genérica",padelearnings.com + padelfip.com + padelapi.org · elaboración propia,True
2026-09-21,J061123ceeb,Aris Patiniotis,M,12358,9,"Cifras reales de 72 torneos (padelearnings.com + padelfip.com), no una estimación genérica",padelearnings.com + padelfip.com + padelapi.org · elaboración propia,True
2026-09-21,J7c0fe7ccc6,Ramiro Pereyra,M,12350,7,"Cifras reales de 72 torneos (padelearnings.com + padelfip.com), no una estimación genérica",padelearnings.com + padelfip.com + padelapi.org · elaboración propia,True
2026-09-21,J985488a13e,Álvaro Melendez Amaya,M,12078,9,"Cifras reales de 72 torneos (padelearnings.com + padelfip.com), no una estimación genérica",padelearnings.com + padelfip.com + padelapi.org · elaboración propia,True
2026-09-21,J0ce7daf580,Facundo Dominguez,M,11908,10,"Cifras reales de 72 torneos (padelearnings.com + padelfip.com), no una estimación genérica",padelearnings.com + padelfip.com + padelapi.org · elaboración propia,True
2026-09-21,J52b077a020,Lucia Peralta Exposito,F,11849,13,"Cifras reales de 72 torneos (padelearnings.com + padelfip.com), no una estimación genérica",padelearnings.com + padelfip.com + padelapi.org · elaboración propia,True
2026-09-21,J9adcca9518,Diego Garcia Garcia,M,11697,10,"Cifras reales de 72 torneos (padelearnings.com + padelfip.com), no una estimación genérica",padelearnings.com + padelfip.com + padelapi.org · elaboración propia,True
2026-09-21,J33ae557fc2,Carmen Castillon Gamez,F,11414,11,"Cifras reales de 72 torneos (padelearnings.com + padelfip.com), no una estimación genérica",padelearnings.com + padelfip.com + padelapi.org · elaboración propia,True
2026-09-21,J4cf1e11001,Lara Arruabarrena,F,10904,9,"Cifras reales de 72 torneos (padelearnings.com + padelfip.com), no una estimación genérica",padelearnings.com + padelfip.com + padelapi.org · elaboración propia,True
2026-09-21,J8103f5e134,Andres Fernandez Lancha,M,10750,7,"Cifras reales de 72 torneos (padelearnings.com + padelfip.com), no una estimación genérica",padelearnings.com + padelfip.com + padelapi.org · elaboración propia,True
2026-09-21,J56d1b4390e,Lorena Vano,F,10473,11,"Cifras reales de 72 torneos (padelearnings.com + padelfip.com), no una estimación genérica",padelearnings.com + padelfip.com + padelapi.org · elaboración propia,True
2026-09-21,J8e77989e76,Victoria Kurz,F,10312,13,"Cifras reales de 72 torneos (padelearnings.com + padelfip.com), no una estimación genérica",padelearnings.com + padelfip.com + padelapi.org · elaboración propia,True
2026-09-21,J1406e5e1bf,Raquel Piltcher,F,10268,14,"Cifras reales de 72 torneos (padelearnings.com + padelfip.com), no una estimación genérica",padelearnings.com + padelfip.com + padelapi.org · elaboración propia,True
2026-09-21,J6782a906c4,Agustin Torre,M,10091,11,"Cifras reales de 72 torneos (padelearnings.com + padelfip.com), no una estimación genérica",padelearnings.com + padelfip.com + padelapi.org · elaboración propia,True
2026-09-21,Ja42aee7256,Brittany Dubins,F,10009,7,"Cifras reales de 72 torneos (padelearnings.com + padelfip.com), no una estimación genérica",padelearnings.com + padelfip.com + padelapi.org · elaboración propia,True
2026-09-21,Jf7d577fa79,Camila Ramme Coellar,F,9931,7,"Cifras reales de 72 torneos (padelearnings.com + padelfip.com), no una estimación genérica",padelearnings.com + padelfip.com + padelapi.org · elaboración propia,True
2026-09-21,Jd226ed59b9,Amanda Lopez Moral,F,9812,10,"Cifras reales de 72 torneos (padelearnings.com + padelfip.com), no una estimación genérica",padelearnings.com + padelfip.com + padelapi.org · elaboración propia,True
2026-09-21,Je492d4755f,Facundo Rodrigo Luis Lopez,M,9787,8,"Cifras reales de 72 torneos (padelearnings.com + padelfip.com), no una estimación genérica",padelearnings.com + padelfip.com + padelapi.org · elaboración propia,True
2026-09-21,J8d31c4614f,Andres Fdz Lancha,M,9750,12,"Cifras reales de 72 torneos (padelearnings.com + padelfip.com), no una estimación genérica",padelearnings.com + padelfip.com + padelapi.org · elaboración propia,True
2026-09-21,Jd7c862dfb3,Jose Solano Marmolejo,M,9750,6,"Cifras reales de 72 torneos (padelearnings.com + padelfip.com), no una estimación genérica",padelearnings.com + padelfip.com + padelapi.org · elaboración propia,True
2026-09-21,J58d74e41a7,Ramiro Jesus Valenzuela,M,9731,4,"Cifras reales de 72 torneos (padelearnings.com + padelfip.com), no una estimación genérica",padelearnings.com + padelfip.com + padelapi.org · elaboración propia,True
2026-09-21,J59c4690c23,Anna Ortiz Gasco,F,9541,11,"Cifras reales de 72 torneos (padelearnings.com + padelfip.com), no una estimación genérica",padelearnings.com + padelfip.com + padelapi.org · elaboración propia,True
2026-09-21,J303a4487aa,Carla Mesa Salazar,F,9535,8,"Cifras reales de 72 torneos (padelearnings.com + padelfip.com), no una estimación genérica",padelearnings.com + padelfip.com + padelapi.org · elaboración propia,True
2026-09-21,J08eb6aca76,Franco Dal Bianco,M,9038,8,"Cifras reales de 72 torneos (padelearnings.com + padelfip.com), no una estimación genérica",padelearnings.com + padelfip.com + padelapi.org · elaboración propia,True
2026-09-21,Ja250815150,Manuel Aragon Herrera,M,8556,10,"Cifras reales de 72 torneos (padelearnings.com + padelfip.com), no una estimación genérica",padelearnings.com + padelfip.com + padelapi.org · elaboración propia,True
2026-09-21,J5e722c78e0,Marcos Gonzalez Blanco,M,8372,10,"Cifras reales de 72 torneos (padelearnings.com + padelfip.com), no una estimación genérica",padelearnings.com + padelfip.com + padelapi.org · elaboración propia,True
2026-09-21,Jf8f7fa663a,Ana Catarina Nogueira,F,8346,10,"Cifras reales de 72 torneos (padelearnings.com + padelfip.com), no una estimación genérica",padelearnings.com + padelfip.com + padelapi.org · elaboración propia,True
2026-09-21,J9676d11617,Albert Roglan Pons,M,8331,9,"Cifras reales de 72 torneos (padelearnings.com + padelfip.com), no una estimación genérica",padelearnings.com + padelfip.com + padelapi.org · elaboración propia,True
2026-09-21,J624bf6b2b1,Thomas Leygue,M,8213,8,"Cifras reales de 72 torneos (padelearnings.com + padelfip.com), no una estimación genérica",padelearnings.com + padelfip.com + padelapi.org · elaboración propia,True
2026-09-21,Jd550012536,Marta Arellano Navarro,F,8103,10,"Cifras reales de 72 torneos (padelearnings.com + padelfip.com), no una estimación genérica",padelearnings.com + padelfip.com + padelapi.org · elaboración propia,True
2026-09-21,Jb6d38e9a09,Santiago Jose Pineda Cabello,M,8103,10,"Cifras reales de 72 torneos (padelearnings.com + padelfip.com), no una estimación genérica",padelearnings.com + padelfip.com + padelapi.org · elaboración propia,True
2026-09-21,Ja97d530eab,Maxi Sanchez,M,8099,9,"Cifras reales de 72 torneos (padelearnings.com + padelfip.com), no una estimación genérica",padelearnings.com + padelfip.com + padelapi.org · elaboración propia,True
2026-09-21,Jaa57b7e0a9,Eduardo Agustin Torre,M,7910,4,"Cifras reales de 72 torneos (padelearnings.com + padelfip.com), no una estimación genérica",padelearnings.com + padelfip.com + padelapi.org · elaboración propia,True
2026-09-21,J22a9ada165,Nacho Moragues Moltò,M,7724,10,"Cifras reales de 72 torneos (padelearnings.com + padelfip.com), no una estimación genérica",padelearnings.com + padelfip.com + padelapi.org · elaboración propia,True
2026-09-21,J664e8d5465,Ana Dominguez Gracia,F,7617,14,"Cifras reales de 72 torneos (padelearnings.com + padelfip.com), no una estimación genérica",padelearnings.com + padelfip.com + padelapi.org · elaboración propia,True
2026-09-21,J659a1869c5,Timeo Fonteny,M,7331,11,"Cifras reales de 72 torneos (padelearnings.com + padelfip.com), no una estimación genérica",padelearnings.com + padelfip.com + padelapi.org · elaboración propia,True
2026-09-21,Jab638f0fb7,Martin Abud,M,7193,10,"Cifras reales de 72 torneos (padelearnings.com + padelfip.com), no una estimación genérica",padelearnings.com + padelfip.com + padelapi.org · elaboración propia,True
2026-09-21,J0a735b8fef,Caterina Maria Baldi,F,7025,11,"Cifras reales de 72 torneos (padelearnings.com + padelfip.com), no una estimación genérica",padelearnings.com + padelfip.com + padelapi.org · elaboración propia,True
2026-09-21,J5fd1b1569e,Maria Portillo Perez,F,6958,9,"Cifras reales de 72 torneos (padelearnings.com + padelfip.com), no una estimación genérica",padelearnings.com + padelfip.com + padelapi.org · elaboración propia,True
2026-09-21,J1b77e55d85,Monica Gomez Rivas,F,6804,8,"Cifras reales de 72 torneos (padelearnings.com + padelfip.com), no una estimación genérica",padelearnings.com + padelfip.com + padelapi.org · elaboración propia,True
2026-09-21,J90d629a2d1,Natividad Lopez Diaz,F,6781,8,"Cifras reales de 72 torneos (padelearnings.com + padelfip.com), no una estimación genérica",padelearnings.com + padelfip.com + padelapi.org · elaboración propia,True
2026-09-21,J5a87fed5cf,Sandra Bellver Fructuoso,F,6709,12,"Cifras reales de 72 torneos (padelearnings.com + padelfip.com), no una estimación genérica",padelearnings.com + padelfip.com + padelapi.org · elaboración propia,True
2026-09-21,Jaf1ce82cc7,Maria Laura Ferreyra,F,6606,9,"Cifras reales de 72 torneos (padelearnings.com + padelfip.com), no una estimación genérica",padelearnings.com + padelfip.com + padelapi.org · elaboración propia,True
2026-09-21,J484fdbbb80,Ignacio Sager,M,6454,7,"Cifras reales de 72 torneos (padelearnings.com + padelfip.com), no una estimación genérica",padelearnings.com + padelfip.com + padelapi.org · elaboración propia,True
2026-09-21,J497ef36d2c,Emilio Sanchez,M,6357,4,"Cifras reales de 72 torneos (padelearnings.com + padelfip.com), no una estimación genérica",padelearnings.com + padelfip.com + padelapi.org · elaboración propia,True
2026-09-21,J7b2e4612f3,Miguel Benitez,M,6350,6,"Cifras reales de 72 torneos (padelearnings.com + padelfip.com), no una estimación genérica",padelearnings.com + padelfip.com + padelapi.org · elaboración propia,True
2026-09-21,J343b41bf52,Maximiliano Sanchez,M,6281,4,"Cifras reales de 72 torneos (padelearnings.com + padelfip.com), no una estimación genérica",padelearnings.com + padelfip.com + padelapi.org · elaboración propia,True
2026-09-21,Jd9fa981b55,Alba Perez Momha,F,6237,13,"Cifras reales de 72 torneos (padelearnings.com + padelfip.com), no una estimación genérica",padelearnings.com + padelfip.com + padelapi.org · elaboración propia,True
2026-09-21,J4578eef982,Teodoro Zapata,M,6100,8,"Cifras reales de 72 torneos (padelearnings.com + padelfip.com), no una estimación genérica",padelearnings.com + padelfip.com + padelapi.org · elaboración propia,True
2026-09-21,Jf12457125e,Ignacio Archieri,M,5872,7,"Cifras reales de 72 torneos (padelearnings.com + padelfip.com), no una estimación genérica",padelearnings.com + padelfip.com + padelapi.org · elaboración propia,True
2026-09-21,J0be2ecb08e,Rodrigo Coello Manso,M,5863,7,"Cifras reales de 72 torneos (padelearnings.com + padelfip.com), no una estimación genérica",padelearnings.com + padelfip.com + padelapi.org · elaboración propia,True
2026-09-21,J9560af4c28,Felipe Calleja,M,5795,5,"Cifras reales de 72 torneos (padelearnings.com + padelfip.com), no una estimación genérica",padelearnings.com + padelfip.com + padelapi.org · elaboración propia,True
2026-09-21,J2494d567de,Nerea Guerra Santana,F,5748,8,"Cifras reales de 72 torneos (padelearnings.com + padelfip.com), no una estimación genérica",padelearnings.com + padelfip.com + padelapi.org · elaboración propia,True
2026-09-21,J481bcfd2f4,Carla Fernandez Gonzalez,F,5748,8,"Cifras reales de 72 torneos (padelearnings.com + padelfip.com), no una estimación genérica",padelearnings.com + padelfip.com + padelapi.org · elaboración propia,True
2026-09-21,J3d3c325ef5,Catherine Rose,F,5608,11,"Cifras reales de 72 torneos (padelearnings.com + padelfip.com), no una estimación genérica",padelearnings.com + padelfip.com + padelapi.org · elaboración propia,True
2026-09-21,J7a6b281b0d,Victor Mena,M,5545,5,"Cifras reales de 72 torneos (padelearnings.com + padelfip.com), no una estimación genérica",padelearnings.com + padelfip.com + padelapi.org · elaboración propia,True
2026-09-21,Jbb0d99438a,Jesus Moya,M,5330,1,"Cifras reales de 72 torneos (padelearnings.com + padelfip.com), no una estimación genérica",padelearnings.com + padelfip.com + padelapi.org · elaboración propia,True
2026-09-21,Jfd17406d8b,Max Parment,M,5330,1,"Cifras reales de 72 torneos (padelearnings.com + padelfip.com), no una estimación genérica",padelearnings.com + padelfip.com + padelapi.org · elaboración propia,True
2026-09-21,J7797c1334f,Javier Valdes,M,5315,7,"Cifras reales de 72 torneos (padelearnings.com + padelfip.com), no una estimación genérica",padelearnings.com + padelfip.com + padelapi.org · elaboración propia,True
2026-09-21,J6459f41772,Alba Gallardo Salvado,F,5282,13,"Cifras reales de 72 torneos (padelearnings.com + padelfip.com), no una estimación genérica",padelearnings.com + padelfip.com + padelapi.org · elaboración propia,True
2026-09-21,J5010a764ce,Agustin Gutierrez,M,5281,3,"Cifras reales de 72 torneos (padelearnings.com + padelfip.com), no una estimación genérica",padelearnings.com + padelfip.com + padelapi.org · elaboración propia,True
2026-09-21,Je899cc38e5,Salvador Oria,M,5281,3,"Cifras reales de 72 torneos (padelearnings.com + padelfip.com), no una estimación genérica",padelearnings.com + padelfip.com + padelapi.org · elaboración propia,True
2026-09-21,Jc347841262,Renzo Gabriel Nuñez,M,5174,6,"Cifras reales de 72 torneos (padelearnings.com + padelfip.com), no una estimación genérica",padelearnings.com + padelfip.com + padelapi.org · elaboración propia,True
2026-09-21,J5381924fed,Nuno Deus,M,5163,7,"Cifras reales de 72 torneos (padelearnings.com + padelfip.com), no una estimación genérica",padelearnings.com + padelfip.com + padelapi.org · elaboración propia,True
2026-09-21,J7ba22313b9,Alfonso Sanchez Arriaga,M,5081,8,"Cifras reales de 72 torneos (padelearnings.com + padelfip.com), no una estimación genérica",padelearnings.com + padelfip.com + padelapi.org · elaboración propia,True
2026-09-21,J4ce4089ffb,Carlotta Casali,F,5080,10,"Cifras reales de 72 torneos (padelearnings.com + padelfip.com), no una estimación genérica",padelearnings.com + padelfip.com + padelapi.org · elaboración propia,True
2026-09-21,Jeab4bd7c8f,Carla Touly,F,4723,14,"Cifras reales de 72 torneos (padelearnings.com + padelfip.com), no una estimación genérica",padelearnings.com + padelfip.com + padelapi.org · elaboración propia,True
2026-09-21,Jc79d08502c,Ana Varo Ramos,F,4411,12,"Cifras reales de 72 torneos (padelearnings.com + padelfip.com), no una estimación genérica",padelearnings.com + padelfip.com + padelapi.org · elaboración propia,True
2026-09-21,Jb261430dc0,Jaume Romera Barcelo,M,4396,6,"Cifras reales de 72 torneos (padelearnings.com + padelfip.com), no una estimación genérica",padelearnings.com + padelfip.com + padelapi.org · elaboración propia,True
2026-09-21,J6015336fcb,Marco Cassetta,M,4353,5,"Cifras reales de 72 torneos (padelearnings.com + padelfip.com), no una estimación genérica",padelearnings.com + padelfip.com + padelapi.org · elaboración propia,True
2026-09-21,J6b3c6a24d1,Pablo Sanchez Vicente,M,4299,7,"Cifras reales de 72 torneos (padelearnings.com + padelfip.com), no una estimación genérica",padelearnings.com + padelfip.com + padelapi.org · elaboración propia,True
2026-09-21,Jbcbbe0dbd1,Miguel Lamperti,M,4242,6,"Cifras reales de 72 torneos (padelearnings.com + padelfip.com), no una estimación genérica",padelearnings.com + padelfip.com + padelapi.org · elaboración propia,True
2026-09-21,J8e8631ba94,Clarissa Margherita Aima,F,4241,11,"Cifras reales de 72 torneos (padelearnings.com + padelfip.com), no una estimación genérica",padelearnings.com + padelfip.com + padelapi.org · elaboración propia,True
2026-09-21,J9a1721fb47,Xenia Clasca Vidiella,F,4219,7,"Cifras reales de 72 torneos (padelearnings.com + padelfip.com), no una estimación genérica",padelearnings.com + padelfip.com + padelapi.org · elaboración propia,True
2026-09-21,J2cd187e76c,Ramiro Valenzuela,M,4190,3,"Cifras reales de 72 torneos (padelearnings.com + padelfip.com), no una estimación genérica",padelearnings.com + padelfip.com + padelapi.org · elaboración propia,True
2026-09-21,J0ef92ab381,Marcella Koek,F,4119,9,"Cifras reales de 72 torneos (padelearnings.com + padelfip.com), no una estimación genérica",padelearnings.com + padelfip.com + padelapi.org · elaboración propia,True
2026-09-21,Ja88076e352,Alberto Garcia Jimenez,M,4062,8,"Cifras reales de 72 torneos (padelearnings.com + padelfip.com), no una estimación genérica",padelearnings.com + padelfip.com + padelapi.org · elaboración propia,True
2026-09-21,Jb17ecd69ac,Christian Medina Murphy,M,4062,8,"Cifras reales de 72 torneos (padelearnings.com + padelfip.com), no una estimación genérica",padelearnings.com + padelfip.com + padelapi.org · elaboración propia,True
2026-09-21,J69e2709040,Martina Parmigiani,F,4046,12,"Cifras reales de 72 torneos (padelearnings.com + padelfip.com), no una estimación genérica",padelearnings.com + padelfip.com + padelapi.org · elaboración propia,True
2026-09-21,J051cb56285,Daniel Luna Peinado,M,4040,7,"Cifras reales de 72 torneos (padelearnings.com + padelfip.com), no una estimación genérica",padelearnings.com + padelfip.com + padelapi.org · elaboración propia,True
2026-09-21,J702f81a061,Pedro Araujo,M,4019,7,"Cifras reales de 72 torneos (padelearnings.com + padelfip.com), no una estimación genérica",padelearnings.com + padelfip.com + padelapi.org · elaboración propia,True
2026-09-21,J98c9eac792,Pedro Graça,M,4019,7,"Cifras reales de 72 torneos (padelearnings.com + padelfip.com), no una estimación genérica",padelearnings.com + padelfip.com + padelapi.org · elaboración propia,True
2026-09-21,J9623ea5df6,Gustavo Nunes,M,3965,14,"Cifras reales de 72 torneos (padelearnings.com + padelfip.com), no una estimación genérica",padelearnings.com + padelfip.com + padelapi.org · elaboración propia,True
2026-09-21,J9057d65585,Pedro Melendez Amaya,M,3908,5,"Cifras reales de 72 torneos (padelearnings.com + padelfip.com), no una estimación genérica",padelearnings.com + padelfip.com + padelapi.org · elaboración propia,True
2026-09-21,Jb4c3135e41,Miguel Deus,M,3837,3,"Cifras reales de 72 torneos (padelearnings.com + padelfip.com), no una estimación genérica",padelearnings.com + padelfip.com + padelapi.org · elaboración propia,True
2026-09-21,Jef23d8c32b,Julian Lacamoire,M,3761,4,"Cifras reales de 72 torneos (padelearnings.com + padelfip.com), no una estimación genérica",padelearnings.com + padelfip.com + padelapi.org · elaboración propia,True
2026-09-21,J2fccee2f32,Pablo Cardona,M,3750,3,"Cifras reales de 72 torneos (padelearnings.com + padelfip.com), no una estimación genérica",padelearnings.com + padelfip.com + padelapi.org · elaboración propia,True
2026-09-21,Jdb94bff8e1,Anton Sans,M,3723,13,"Cifras reales de 72 torneos (padelearnings.com + padelfip.com), no una estimación genérica",padelearnings.com + padelfip.com + padelapi.org · elaboración propia,True
2026-09-21,J0dbba6f7f2,Aitana Garcia Roman,F,3570,12,"Cifras reales de 72 torneos (padelearnings.com + padelfip.com), no una estimación genérica",padelearnings.com + padelfip.com + padelapi.org · elaboración propia,True
2026-09-21,J1e78329e30,Lucia Perez Parra,F,3452,9,"Cifras reales de 72 torneos (padelearnings.com + padelfip.com), no una estimación genérica",padelearnings.com + padelfip.com + padelapi.org · elaboración propia,True
2026-09-21,J3a503d5c68,Emily Stellato,F,3427,7,"Cifras reales de 72 torneos (padelearnings.com + padelfip.com), no una estimación genérica",padelearnings.com + padelfip.com + padelapi.org · elaboración propia,True
2026-09-21,J33c76d21dc,Emilio Sanchez Chamero,M,3410,1,"Cifras reales de 72 torneos (padelearnings.com + padelfip.com), no una estimación genérica",padelearnings.com + padelfip.com + padelapi.org · elaboración propia,True
2026-09-21,J268abb47e4,Juan Pablo Dametto,M,3396,8,"Cifras reales de 72 torneos (padelearnings.com + padelfip.com), no una estimación genérica",padelearnings.com + padelfip.com + padelapi.org · elaboración propia,True
2026-09-21,J665420ae92,Pedro Perry,M,3280,6,"Cifras reales de 72 torneos (padelearnings.com + padelfip.com), no una estimación genérica",padelearnings.com + padelfip.com + padelapi.org · elaboración propia,True
2026-09-21,Jba0b848d33,Aimee Gibson,F,3271,6,"Cifras reales de 72 torneos (padelearnings.com + padelfip.com), no una estimación genérica",padelearnings.com + padelfip.com + padelapi.org · elaboración propia,True
2026-09-21,J7970a5b206,Eugenia Guimet Bigas,F,3119,10,"Cifras reales de 72 torneos (padelearnings.com + padelfip.com), no una estimación genérica",padelearnings.com + padelfip.com + padelapi.org · elaboración propia,True
2026-09-21,Ja3e0190b5c,Adam Axelsson,M,3053,6,"Cifras reales de 72 torneos (padelearnings.com + padelfip.com), no una estimación genérica",padelearnings.com + padelfip.com + padelapi.org · elaboración propia,True
2026-09-21,J4de6fe3704,Marcel Font,M,3004,4,"Cifras reales de 72 torneos (padelearnings.com + padelfip.com), no una estimación genérica",padelearnings.com + padelfip.com + padelapi.org · elaboración propia,True
2026-09-21,Jda1053da0d,Jimena Diaz De La Iglesia,F,2958,7,"Cifras reales de 72 torneos (padelearnings.com + padelfip.com), no una estimación genérica",padelearnings.com + padelfip.com + padelapi.org · elaboración propia,True
2026-09-21,J94819af63c,Pepe Aliaga,M,2930,5,"Cifras reales de 72 torneos (padelearnings.com + padelfip.com), no una estimación genérica",padelearnings.com + padelfip.com + padelapi.org · elaboración propia,True
2026-09-21,Ja433b51215,Victor Tur Checa,M,2876,14,"Cifras reales de 72 torneos (padelearnings.com + padelfip.com), no una estimación genérica",padelearnings.com + padelfip.com + padelapi.org · elaboración propia,True
2026-09-21,J3475af7779,Alejandro Garcia Calahorro,M,2821,7,"Cifras reales de 72 torneos (padelearnings.com + padelfip.com), no una estimación genérica",padelearnings.com + padelfip.com + padelapi.org · elaboración propia,True
2026-09-21,Jc02386b563,Agustin Reca,M,2763,12,"Cifras reales de 72 torneos (padelearnings.com + padelfip.com), no una estimación genérica",padelearnings.com + padelfip.com + padelapi.org · elaboración propia,True
2026-09-21,J7e97af721a,Johan Bergeron,M,2758,12,"Cifras reales de 72 torneos (padelearnings.com + padelfip.com), no una estimación genérica",padelearnings.com + padelfip.com + padelapi.org · elaboración propia,True
2026-09-21,Jb63768c629,Julian Prins,M,2743,8,"Cifras reales de 72 torneos (padelearnings.com + padelfip.com), no una estimación genérica",padelearnings.com + padelfip.com + padelapi.org · elaboración propia,True
2026-09-21,Jd0113d6b0e,Youp De Kroon,M,2743,8,"Cifras reales de 72 torneos (padelearnings.com + padelfip.com), no una estimación genérica",padelearnings.com + padelfip.com + padelapi.org · elaboración propia,True
2026-09-21,J3934f56272,Ainize Santamaria Landa,F,2672,9,"Cifras reales de 72 torneos (padelearnings.com + padelfip.com), no una estimación genérica",padelearnings.com + padelfip.com + padelapi.org · elaboración propia,True
2026-09-21,J362f991c86,Fabian Oviedo Berazategui,M,2644,6,"Cifras reales de 72 torneos (padelearnings.com + padelfip.com), no una estimación genérica",padelearnings.com + padelfip.com + padelapi.org · elaboración propia,True
2026-09-21,Jf76caf31ec,Roberto Belmont Pastor,M,2619,8,"Cifras reales de 72 torneos (padelearnings.com + padelfip.com), no una estimación genérica",padelearnings.com + padelfip.com + padelapi.org · elaboración propia,True
2026-09-21,Je674fd1317,Melania Merino Saez,F,2611,4,"Cifras reales de 72 torneos (padelearnings.com + padelfip.com), no una estimación genérica",padelearnings.com + padelfip.com + padelapi.org · elaboración propia,True
2026-09-21,J52d3756cd8,Louise Bahurel,F,2602,11,"Cifras reales de 72 torneos (padelearnings.com + padelfip.com), no una estimación genérica",padelearnings.com + padelfip.com + padelapi.org · elaboración propia,True
2026-09-21,J55bac8f8ad,Fran Ramirez Navas,M,2582,9,"Cifras reales de 72 torneos (padelearnings.com + padelfip.com), no una estimación genérica",padelearnings.com + padelfip.com + padelapi.org · elaboración propia,True
2026-09-21,Je54caad4a4,Giorgia Rosi,F,2570,7,"Cifras reales de 72 torneos (padelearnings.com + padelfip.com), no una estimación genérica",padelearnings.com + padelfip.com + padelapi.org · elaboración propia,True
2026-09-21,J50f12470af,Blanca Arriola Cerrejon,F,2556,9,"Cifras reales de 72 torneos (padelearnings.com + padelfip.com), no una estimación genérica",padelearnings.com + padelfip.com + padelapi.org · elaboración propia,True
2026-09-21,J9e60c08c81,Samuel Rivas Garcia,M,2506,7,"Cifras reales de 72 torneos (padelearnings.com + padelfip.com), no una estimación genérica",padelearnings.com + padelfip.com + padelapi.org · elaboración propia,True
2026-09-21,J910df21031,Christina-Styliani Ntanou,F,2483,9,"Cifras reales de 72 torneos (padelearnings.com + padelfip.com), no una estimación genérica",padelearnings.com + padelfip.com + padelapi.org · elaboración propia,True
2026-09-21,Jccec88fdad,Ferran Insa Sotillo,M,2458,6,"Cifras reales de 72 torneos (padelearnings.com + padelfip.com), no una estimación genérica",padelearnings.com + padelfip.com + padelapi.org · elaboración propia,True
2026-09-21,J6fd198fd3a,Giulia Sussarello,F,2437,5,"Cifras reales de 72 torneos (padelearnings.com + padelfip.com), no una estimación genérica",padelearnings.com + padelfip.com + padelapi.org · elaboración propia,True
2026-09-21,Jdc11edfefe,Elyne Boeykens,F,2424,4,"Cifras reales de 72 torneos (padelearnings.com + padelfip.com), no una estimación genérica",padelearnings.com + padelfip.com + padelapi.org · elaboración propia,True
2026-09-21,Jdf0620bcdb,Justine Pysson,F,2424,4,"Cifras reales de 72 torneos (padelearnings.com + padelfip.com), no una estimación genérica",padelearnings.com + padelfip.com + padelapi.org · elaboración propia,True
2026-09-21,J9b9b122067,Maria Teresa Morinigo Gomez,F,2424,7,"Cifras reales de 72 torneos (padelearnings.com + padelfip.com), no una estimación genérica",padelearnings.com + padelfip.com + padelapi.org · elaboración propia,True
2026-09-21,J17a7ac4c1a,Mateo Alvarez,M,2386,4,"Cifras reales de 72 torneos (padelearnings.com + padelfip.com), no una estimación genérica",padelearnings.com + padelfip.com + padelapi.org · elaboración propia,True
2026-09-21,Je4ac71986b,Cristina Carrascosa Cazorla,F,2317,2,"Cifras reales de 72 torneos (padelearnings.com + padelfip.com), no una estimación genérica",padelearnings.com + padelfip.com + padelapi.org · elaboración propia,True
2026-09-21,Jd1dcdeab4b,Elsa Terranova,F,2303,12,"Cifras reales de 72 torneos (padelearnings.com + padelfip.com), no una estimación genérica",padelearnings.com + padelfip.com + padelapi.org · elaboración propia,True
2026-09-21,Ja108bc03a7,Pablo Reina Ambel,M,2273,3,"Cifras reales de 72 torneos (padelearnings.com + padelfip.com), no una estimación genérica",padelearnings.com + padelfip.com + padelapi.org · elaboración propia,True
2026-09-21,J675ca1159d,Guillem Figuerola Santiago,M,2233,7,"Cifras reales de 72 torneos (padelearnings.com + padelfip.com), no una estimación genérica",padelearnings.com + padelfip.com + padelapi.org · elaboración propia,True
2026-09-21,Jd532bf9a06,Francisco Jurado Sosa,M,2199,6,"Cifras reales de 72 torneos (padelearnings.com + padelfip.com), no una estimación genérica",padelearnings.com + padelfip.com + padelapi.org · elaboración propia,True
2026-09-21,J00575e6685,Marisol Fernandez Garcia,F,2190,2,"Cifras reales de 72 torneos (padelearnings.com + padelfip.com), no una estimación genérica",padelearnings.com + padelfip.com + padelapi.org · elaboración propia,True
2026-09-21,J49a4160818,Rebeca Lopez Lopez,F,2179,8,"Cifras reales de 72 torneos (padelearnings.com + padelfip.com), no una estimación genérica",padelearnings.com + padelfip.com + padelapi.org · elaboración propia,True
2026-09-21,Jb0b5e955d4,Albin Olsson,M,2144,5,"Cifras reales de 72 torneos (padelearnings.com + padelfip.com), no una estimación genérica",padelearnings.com + padelfip.com + padelapi.org · elaboración propia,True
2026-09-21,J7502326879,Alberto Garcia Trabanco,M,2125,2,"Cifras reales de 72 torneos (padelearnings.com + padelfip.com), no una estimación genérica",padelearnings.com + padelfip.com + padelapi.org · elaboración propia,True
2026-09-21,J0818ac1eef,Facundo Dehnike,M,2090,6,"Cifras reales de 72 torneos (padelearnings.com + padelfip.com), no una estimación genérica",padelearnings.com + padelfip.com + padelapi.org · elaboración propia,True
2026-09-21,Ja394f8e8c7,Noe Navarro Porras,M,2084,12,"Cifras reales de 72 torneos (padelearnings.com + padelfip.com), no una estimación genérica",padelearnings.com + padelfip.com + padelapi.org · elaboración propia,True
2026-09-21,J9cd21807bc,Bo Luttikhuis,F,2075,6,"Cifras reales de 72 torneos (padelearnings.com + padelfip.com), no una estimación genérica",padelearnings.com + padelfip.com + padelapi.org · elaboración propia,True
2026-09-21,Jab40c98640,Alba Vazquez Gracia,F,2056,5,"Cifras reales de 72 torneos (padelearnings.com + padelfip.com), no una estimación genérica",padelearnings.com + padelfip.com + padelapi.org · elaboración propia,True
2026-09-21,J19d1bb8533,Fabricio Ivan Peiron,M,2042,4,"Cifras reales de 72 torneos (padelearnings.com + padelfip.com), no una estimación genérica",padelearnings.com + padelfip.com + padelapi.org · elaboración propia,True
2026-09-21,J5b168a2e1c,Santiago Rolla,M,2042,4,"Cifras reales de 72 torneos (padelearnings.com + padelfip.com), no una estimación genérica",padelearnings.com + padelfip.com + padelapi.org · elaboración propia,True
2026-09-21,Je658327917,Daria Kucheriavaia,F,2028,4,"Cifras reales de 72 torneos (padelearnings.com + padelfip.com), no una estimación genérica",padelearnings.com + padelfip.com + padelapi.org · elaboración propia,True
2026-09-21,Jc6da32d946,Adrian Marques Berdonce,M,2021,4,"Cifras reales de 72 torneos (padelearnings.com + padelfip.com), no una estimación genérica",padelearnings.com + padelfip.com + padelapi.org · elaboración propia,True
2026-09-21,Jdba7bf9004,Catarina Santos Domingos,F,2018,9,"Cifras reales de 72 torneos (padelearnings.com + padelfip.com), no una estimación genérica",padelearnings.com + padelfip.com + padelapi.org · elaboración propia,True
2026-09-21,J557f9a8d46,Paula Ferrán,F,2012,4,"Cifras reales de 72 torneos (padelearnings.com + padelfip.com), no una estimación genérica",padelearnings.com + padelfip.com + padelapi.org · elaboración propia,True
2026-09-21,J1f8dd55d55,Adrian Naranjo Martinez,M,2005,5,"Cifras reales de 72 torneos (padelearnings.com + padelfip.com), no una estimación genérica",padelearnings.com + padelfip.com + padelapi.org · elaboración propia,True
2026-09-21,J437ad20f20,Yoan Boronad,M,1986,7,"Cifras reales de 72 torneos (padelearnings.com + padelfip.com), no una estimación genérica",padelearnings.com + padelfip.com + padelapi.org · elaboración propia,True
2026-09-21,Jb10d9aa8a7,Borja Trujillo Chang,M,1966,7,"Cifras reales de 72 torneos (padelearnings.com + padelfip.com), no una estimación genérica",padelearnings.com + padelfip.com + padelapi.org · elaboración propia,True
2026-09-21,J761e669978,Guillermo Fernandez Sanchez,M,1949,15,"Cifras reales de 72 torneos (padelearnings.com + padelfip.com), no una estimación genérica",padelearnings.com + padelfip.com + padelapi.org · elaboración propia,True
2026-09-21,Jd1ca52c8c4,Giulio Graziotti,M,1940,7,"Cifras reales de 72 torneos (padelearnings.com + padelfip.com), no una estimación genérica",padelearnings.com + padelfip.com + padelapi.org · elaboración propia,True
2026-09-21,J22905b3875,Simone Iacovino,M,1912,7,"Cifras reales de 72 torneos (padelearnings.com + padelfip.com), no una estimación genérica",padelearnings.com + padelfip.com + padelapi.org · elaboración propia,True
2026-09-21,J8a75e0bf2b,Clarinha Santos,F,1908,8,"Cifras reales de 72 torneos (padelearnings.com + padelfip.com), no una estimación genérica",padelearnings.com + padelfip.com + padelapi.org · elaboración propia,True
2026-09-21,Je309552aaf,Miguel Morales Domenech,M,1868,8,"Cifras reales de 72 torneos (padelearnings.com + padelfip.com), no una estimación genérica",padelearnings.com + padelfip.com + padelapi.org · elaboración propia,True
2026-09-21,J8fd13671d0,Mirko Kloster,M,1847,4,"Cifras reales de 72 torneos (padelearnings.com + padelfip.com), no una estimación genérica",padelearnings.com + padelfip.com + padelapi.org · elaboración propia,True
2026-09-21,J951f941a81,Martina Vera Cebollero,F,1816,4,"Cifras reales de 72 torneos (padelearnings.com + padelfip.com), no una estimación genérica",padelearnings.com + padelfip.com + padelapi.org · elaboración propia,True
2026-09-21,J39c09d29a2,Matteo Sargolini,M,1802,6,"Cifras reales de 72 torneos (padelearnings.com + padelfip.com), no una estimación genérica",padelearnings.com + padelfip.com + padelapi.org · elaboración propia,True
2026-09-21,J7a68016b1b,Pau Miñano Ortinez,M,1781,6,"Cifras reales de 72 torneos (padelearnings.com + padelfip.com), no una estimación genérica",padelearnings.com + padelfip.com + padelapi.org · elaboración propia,True
2026-09-21,Jb323cbf8b0,Mario Brocal,M,1750,2,"Cifras reales de 72 torneos (padelearnings.com + padelfip.com), no una estimación genérica",padelearnings.com + padelfip.com + padelapi.org · elaboración propia,True
2026-09-21,J0b70ff84cc,Asier Martinez Lopez,M,1750,1,"Cifras reales de 72 torneos (padelearnings.com + padelfip.com), no una estimación genérica",padelearnings.com + padelfip.com + padelapi.org · elaboración propia,True
2026-09-21,Jde127aa260,Javier Collantes Guijo,M,1750,1,"Cifras reales de 72 torneos (padelearnings.com + padelfip.com), no una estimación genérica",padelearnings.com + padelfip.com + padelapi.org · elaboración propia,True
2026-09-21,Jcb342a1a19,Patricia Araus Lopez,F,1750,7,"Cifras reales de 72 torneos (padelearnings.com + padelfip.com), no una estimación genérica",padelearnings.com + padelfip.com + padelapi.org · elaboración propia,True
2026-09-21,J162125908d,Mario Huete,M,1750,3,"Cifras reales de 72 torneos (padelearnings.com + padelfip.com), no una estimación genérica",padelearnings.com + padelfip.com + padelapi.org · elaboración propia,True
2026-09-21,Jbfe1b993eb,Miguel Benitez Lara,M,1750,1,"Cifras reales de 72 torneos (padelearnings.com + padelfip.com), no una estimación genérica",padelearnings.com + padelfip.com + padelapi.org · elaboración propia,True
2026-09-21,Jf0f18c188c,Leonel Daniel Aguirre,M,1750,1,"Cifras reales de 72 torneos (padelearnings.com + padelfip.com), no una estimación genérica",padelearnings.com + padelfip.com + padelapi.org · elaboración propia,True
2026-09-21,J997595b13d,Simon Vasquez,M,1732,3,"Cifras reales de 72 torneos (padelearnings.com + padelfip.com), no una estimación genérica",padelearnings.com + padelfip.com + padelapi.org · elaboración propia,True
2026-09-21,J7d3bedc1b2,Natalia Molinilla Paniagua,F,1726,6,"Cifras reales de 72 torneos (padelearnings.com + padelfip.com), no una estimación genérica",padelearnings.com + padelfip.com + padelapi.org · elaboración propia,True
2026-09-21,J319447ab0c,Thijs Roper,M,1724,6,"Cifras reales de 72 torneos (padelearnings.com + padelfip.com), no una estimación genérica",padelearnings.com + padelfip.com + padelapi.org · elaboración propia,True
2026-09-21,J16ce864320,Constanca Gorito,F,1711,10,"Cifras reales de 72 torneos (padelearnings.com + padelfip.com), no una estimación genérica",padelearnings.com + padelfip.com + padelapi.org · elaboración propia,True
2026-09-21,Jb9d8d5938c,Steffi Merah,F,1666,9,"Cifras reales de 72 torneos (padelearnings.com + padelfip.com), no una estimación genérica",padelearnings.com + padelfip.com + padelapi.org · elaboración propia,True
2026-09-21,J11274f659a,Adrian Ronco Lopez,M,1648,6,"Cifras reales de 72 torneos (padelearnings.com + padelfip.com), no una estimación genérica",padelearnings.com + padelfip.com + padelapi.org · elaboración propia,True
2026-09-21,J1ee02aa3b9,Nicolas Zurita,M,1639,5,"Cifras reales de 72 torneos (padelearnings.com + padelfip.com), no una estimación genérica",padelearnings.com + padelfip.com + padelapi.org · elaboración propia,True
2026-09-21,J70315eef7e,Daniel Windahl,M,1630,2,"Cifras reales de 72 torneos (padelearnings.com + padelfip.com), no una estimación genérica",padelearnings.com + padelfip.com + padelapi.org · elaboración propia,True
2026-09-21,J4a52af41f7,Ivet Val Lopez,F,1628,8,"Cifras reales de 72 torneos (padelearnings.com + padelfip.com), no una estimación genérica",padelearnings.com + padelfip.com + padelapi.org · elaboración propia,True
2026-09-21,J36e0984b29,Maximo Jesus Maldonado,M,1616,5,"Cifras reales de 72 torneos (padelearnings.com + padelfip.com), no una estimación genérica",padelearnings.com + padelfip.com + padelapi.org · elaboración propia,True
2026-09-21,J9a5357d598,Bruna Albuquerque Melo,F,1602,8,"Cifras reales de 72 torneos (padelearnings.com + padelfip.com), no una estimación genérica",padelearnings.com + padelfip.com + padelapi.org · elaboración propia,True
2026-09-21,Jf848464da4,Valeria Atencia Basilio,F,1585,5,"Cifras reales de 72 torneos (padelearnings.com + padelfip.com), no una estimación genérica",padelearnings.com + padelfip.com + padelapi.org · elaboración propia,True
2026-09-21,J0c44656468,Clara Mansart,F,1584,6,"Cifras reales de 72 torneos (padelearnings.com + padelfip.com), no una estimación genérica",padelearnings.com + padelfip.com + padelapi.org · elaboración propia,True
2026-09-21,J1525778b53,Marie Amelie Dardaine,F,1584,6,"Cifras reales de 72 torneos (padelearnings.com + padelfip.com), no una estimación genérica",padelearnings.com + padelfip.com + padelapi.org · elaboración propia,True
2026-09-21,Jf28fbeb44d,Mafalda Marques Fernandes,F,1582,9,"Cifras reales de 72 torneos (padelearnings.com + padelfip.com), no una estimación genérica",padelearnings.com + padelfip.com + padelapi.org · elaboración propia,True
2026-09-21,Ja1144a0494,Anna Cortiles,F,1581,3,"Cifras reales de 72 torneos (padelearnings.com + padelfip.com), no una estimación genérica",padelearnings.com + padelfip.com + padelapi.org · elaboración propia,True
2026-09-21,Jc42e2cdf59,Helena Wyckaert,F,1571,3,"Cifras reales de 72 torneos (padelearnings.com + padelfip.com), no una estimación genérica",padelearnings.com + padelfip.com + padelapi.org · elaboración propia,True
2026-09-21,J8ebb304df6,Mar Munera Vila,F,1558,6,"Cifras reales de 72 torneos (padelearnings.com + padelfip.com), no una estimación genérica",padelearnings.com + padelfip.com + padelapi.org · elaboración propia,True
2026-09-21,J3699267a4d,Joao Maria Caiano,M,1542,6,"Cifras reales de 72 torneos (padelearnings.com + padelfip.com), no una estimación genérica",padelearnings.com + padelfip.com + padelapi.org · elaboración propia,True
2026-09-21,J2d11bea813,Vinny Nahuel Di Francesco,M,1525,5,"Cifras reales de 72 torneos (padelearnings.com + padelfip.com), no una estimación genérica",padelearnings.com + padelfip.com + padelapi.org · elaboración propia,True
2026-09-21,Ja1af1d3020,Lisa Rachel Phillips,F,1516,8,"Cifras reales de 72 torneos (padelearnings.com + padelfip.com), no una estimación genérica",padelearnings.com + padelfip.com + padelapi.org · elaboración propia,True
2026-09-21,Jc1a78df13c,Claudia Ordoñez Romero,F,1515,9,"Cifras reales de 72 torneos (padelearnings.com + padelfip.com), no una estimación genérica",padelearnings.com + padelfip.com + padelapi.org · elaboración propia,True
2026-09-21,Jaa3eb56eb1,Santino Contreras,M,1504,5,"Cifras reales de 72 torneos (padelearnings.com + padelfip.com), no una estimación genérica",padelearnings.com + padelfip.com + padelapi.org · elaboración propia,True
2026-09-21,J68ea9a1bcb,Filippo Nicocia,M,1494,7,"Cifras reales de 72 torneos (padelearnings.com + padelfip.com), no una estimación genérica",padelearnings.com + padelfip.com + padelapi.org · elaboración propia,True
2026-09-21,J5bb8c690ec,Angelina Neizvestnaya,F,1493,7,"Cifras reales de 72 torneos (padelearnings.com + padelfip.com), no una estimación genérica",padelearnings.com + padelfip.com + padelapi.org · elaboración propia,True
2026-09-21,J010c570229,Samuel Alos Boal,M,1491,5,"Cifras reales de 72 torneos (padelearnings.com + padelfip.com), no una estimación genérica",padelearnings.com + padelfip.com + padelapi.org · elaboración propia,True
2026-09-21,J0cba7f7a6a,Juan Manuel Lasgoity,M,1484,6,"Cifras reales de 72 torneos (padelearnings.com + padelfip.com), no una estimación genérica",padelearnings.com + padelfip.com + padelapi.org · elaboración propia,True
2026-09-21,J78d3fb7ce2,Alejandro Calvo Perez,M,1474,10,"Cifras reales de 72 torneos (padelearnings.com + padelfip.com), no una estimación genérica",padelearnings.com + padelfip.com + padelapi.org · elaboración propia,True
2026-09-21,J73c3aeab37,Miguel Melero Bernal,M,1448,5,"Cifras reales de 72 torneos (padelearnings.com + padelfip.com), no una estimación genérica",padelearnings.com + padelfip.com + padelapi.org · elaboración propia,True
2026-09-21,J5f753c7c80,Diego Dorta Diaz,M,1447,6,"Cifras reales de 72 torneos (padelearnings.com + padelfip.com), no una estimación genérica",padelearnings.com + padelfip.com + padelapi.org · elaboración propia,True
2026-09-21,J327aad6f70,Pablo Garcia,M,1440,2,"Cifras reales de 72 torneos (padelearnings.com + padelfip.com), no una estimación genérica",padelearnings.com + padelfip.com + padelapi.org · elaboración propia,True
2026-09-21,Jda1a9eb7f1,An-Sophie Mestach,F,1440,1,"Cifras reales de 72 torneos (padelearnings.com + padelfip.com), no una estimación genérica",padelearnings.com + padelfip.com + padelapi.org · elaboración propia,True
2026-09-21,J2a3360e90e,Gonzalo Sassano,M,1410,10,"Cifras reales de 72 torneos (padelearnings.com + padelfip.com), no una estimación genérica",padelearnings.com + padelfip.com + padelapi.org · elaboración propia,True
2026-09-21,Ja1eb272fdb,Oscar Matias Almada,M,1394,4,"Cifras reales de 72 torneos (padelearnings.com + padelfip.com), no una estimación genérica",padelearnings.com + padelfip.com + padelapi.org · elaboración propia,True
2026-09-21,Jab41f13990,Anastasiia Ryzhova,F,1393,5,"Cifras reales de 72 torneos (padelearnings.com + padelfip.com), no una estimación genérica",padelearnings.com + padelfip.com + padelapi.org · elaboración propia,True
2026-09-21,J5d0ded472a,Cristobal Garcia Blanco,M,1382,2,"Cifras reales de 72 torneos (padelearnings.com + padelfip.com), no una estimación genérica",padelearnings.com + padelfip.com + padelapi.org · elaboración propia,True
2026-09-21,J6fd17759f0,Alvaro Lopez Luque,M,1372,8,"Cifras reales de 72 torneos (padelearnings.com + padelfip.com), no una estimación genérica",padelearnings.com + padelfip.com + padelapi.org · elaboración propia,True
2026-09-21,J0bc6a3d8ab,Janine Hemmes,F,1360,5,"Cifras reales de 72 torneos (padelearnings.com + padelfip.com), no una estimación genérica",padelearnings.com + padelfip.com + padelapi.org · elaboración propia,True
2026-09-21,J021e8012e1,Manon Marcarie,F,1349,8,"Cifras reales de 72 torneos (padelearnings.com + padelfip.com), no una estimación genérica",padelearnings.com + padelfip.com + padelapi.org · elaboración propia,True
2026-09-21,J4f8032c07d,Ivo Andenmatten Gudiño,M,1335,4,"Cifras reales de 72 torneos (padelearnings.com + padelfip.com), no una estimación genérica",padelearnings.com + padelfip.com + padelapi.org · elaboración propia,True
2026-09-21,Jced9f732b8,Martina Minetti,F,1317,5,"Cifras reales de 72 torneos (padelearnings.com + padelfip.com), no una estimación genérica",padelearnings.com + padelfip.com + padelapi.org · elaboración propia,True
2026-09-21,J3cca8f341e,Cassandra Senjean,F,1309,10,"Cifras reales de 72 torneos (padelearnings.com + padelfip.com), no una estimación genérica",padelearnings.com + padelfip.com + padelapi.org · elaboración propia,True
2026-09-21,J667aa4e3c7,Ana Cristina Sanchez Perez,F,1308,5,"Cifras reales de 72 torneos (padelearnings.com + padelfip.com), no una estimación genérica",padelearnings.com + padelfip.com + padelapi.org · elaboración propia,True
2026-09-21,Je2c1ee588f,Sten Richters,M,1304,5,"Cifras reales de 72 torneos (padelearnings.com + padelfip.com), no una estimación genérica",padelearnings.com + padelfip.com + padelapi.org · elaboración propia,True
2026-09-21,Je231a79043,Diogo Jesus,M,1296,8,"Cifras reales de 72 torneos (padelearnings.com + padelfip.com), no una estimación genérica",padelearnings.com + padelfip.com + padelapi.org · elaboración propia,True
2026-09-21,Jecc76cade7,Matteo Platania,M,1293,6,"Cifras reales de 72 torneos (padelearnings.com + padelfip.com), no una estimación genérica",padelearnings.com + padelfip.com + padelapi.org · elaboración propia,True
2026-09-21,J75cda84ef1,Antonio Graupera,M,1292,3,"Cifras reales de 72 torneos (padelearnings.com + padelfip.com), no una estimación genérica",padelearnings.com + padelfip.com + padelapi.org · elaboración propia,True
2026-09-21,J484ae90828,Andres Graupera,M,1281,4,"Cifras reales de 72 torneos (padelearnings.com + padelfip.com), no una estimación genérica",padelearnings.com + padelfip.com + padelapi.org · elaboración propia,True
2026-09-21,J7cb98719bc,Alejandro Merino Nieto,M,1276,12,"Cifras reales de 72 torneos (padelearnings.com + padelfip.com), no una estimación genérica",padelearnings.com + padelfip.com + padelapi.org · elaboración propia,True
2026-09-21,J6bb9c16ddf,Jeremy Robert,M,1268,8,"Cifras reales de 72 torneos (padelearnings.com + padelfip.com), no una estimación genérica",padelearnings.com + padelfip.com + padelapi.org · elaboración propia,True
2026-09-21,J50cb2d517a,Luis Oliver Artigas,M,1265,7,"Cifras reales de 72 torneos (padelearnings.com + padelfip.com), no una estimación genérica",padelearnings.com + padelfip.com + padelapi.org · elaboración propia,True
2026-09-21,J4b03f59b42,Kotomi Ozawa,F,1262,5,"Cifras reales de 72 torneos (padelearnings.com + padelfip.com), no una estimación genérica",padelearnings.com + padelfip.com + padelapi.org · elaboración propia,True
2026-09-21,Jb07c5f0529,Clarissa Aima,F,1257,2,"Cifras reales de 72 torneos (padelearnings.com + padelfip.com), no una estimación genérica",padelearnings.com + padelfip.com + padelapi.org · elaboración propia,True
2026-09-21,Jca7c72a440,Douglas Rutgersson,M,1238,7,"Cifras reales de 72 torneos (padelearnings.com + padelfip.com), no una estimación genérica",padelearnings.com + padelfip.com + padelapi.org · elaboración propia,True
2026-09-21,J3ed7b89640,Kae Tokumoto,F,1221,5,"Cifras reales de 72 torneos (padelearnings.com + padelfip.com), no una estimación genérica",padelearnings.com + padelfip.com + padelapi.org · elaboración propia,True
2026-09-21,J0aa00b0cad,Lautaro Mambrini,M,1219,5,"Cifras reales de 72 torneos (padelearnings.com + padelfip.com), no una estimación genérica",padelearnings.com + padelfip.com + padelapi.org · elaboración propia,True
2026-09-21,J0328c405ab,Sergio Icardo,M,1218,4,"Cifras reales de 72 torneos (padelearnings.com + padelfip.com), no una estimación genérica",padelearnings.com + padelfip.com + padelapi.org · elaboración propia,True
2026-09-21,Je3a66b3280,Sara Foguer Lapuente,F,1213,5,"Cifras reales de 72 torneos (padelearnings.com + padelfip.com), no una estimación genérica",padelearnings.com + padelfip.com + padelapi.org · elaboración propia,True
2026-09-21,J8e6ba438de,Octavio Alvarez,M,1210,5,"Cifras reales de 72 torneos (padelearnings.com + padelfip.com), no una estimación genérica",padelearnings.com + padelfip.com + padelapi.org · elaboración propia,True
2026-09-21,J1d196e4316,Anna Guryanova,F,1194,10,"Cifras reales de 72 torneos (padelearnings.com + padelfip.com), no una estimación genérica",padelearnings.com + padelfip.com + padelapi.org · elaboración propia,True
2026-09-21,J4ab9ad056b,Boris Castro Garcia,M,1187,7,"Cifras reales de 72 torneos (padelearnings.com + padelfip.com), no una estimación genérica",padelearnings.com + padelfip.com + padelapi.org · elaboración propia,True
2026-09-21,J21f8226bc8,Cayetana Sanchez Vera,F,1176,6,"Cifras reales de 72 torneos (padelearnings.com + padelfip.com), no una estimación genérica",padelearnings.com + padelfip.com + padelapi.org · elaboración propia,True
2026-09-21,Jc427b386ce,Iago Fuertes Leonardo,M,1173,3,"Cifras reales de 72 torneos (padelearnings.com + padelfip.com), no una estimación genérica",padelearnings.com + padelfip.com + padelapi.org · elaboración propia,True
2026-09-21,J83dccace48,Bentahor Espino Mustafa,M,1166,4,"Cifras reales de 72 torneos (padelearnings.com + padelfip.com), no una estimación genérica",padelearnings.com + padelfip.com + padelapi.org · elaboración propia,True
2026-09-21,J32857703f2,Carmen Azcoitia Mazo,F,1160,5,"Cifras reales de 72 torneos (padelearnings.com + padelfip.com), no una estimación genérica",padelearnings.com + padelfip.com + padelapi.org · elaboración propia,True
2026-09-21,Jdae0375cc2,Leire Uriarte Medina,F,1157,6,"Cifras reales de 72 torneos (padelearnings.com + padelfip.com), no una estimación genérica",padelearnings.com + padelfip.com + padelapi.org · elaboración propia,True
2026-09-21,Je98dccbd11,Giuseppe Fino,M,1152,6,"Cifras reales de 72 torneos (padelearnings.com + padelfip.com), no una estimación genérica",padelearnings.com + padelfip.com + padelapi.org · elaboración propia,True
2026-09-21,J50829be4d2,Carla Rodriguez Sanchez,F,1148,4,"Cifras reales de 72 torneos (padelearnings.com + padelfip.com), no una estimación genérica",padelearnings.com + padelfip.com + padelapi.org · elaboración propia,True
2026-09-21,J9049d22525,José Enrique Giménez Barcelona,M,1145,8,"Cifras reales de 72 torneos (padelearnings.com + padelfip.com), no una estimación genérica",padelearnings.com + padelfip.com + padelapi.org · elaboración propia,True
2026-09-21,Jfd73167141,Dylan Demian Cuello,M,1145,3,"Cifras reales de 72 torneos (padelearnings.com + padelfip.com), no una estimación genérica",padelearnings.com + padelfip.com + padelapi.org · elaboración propia,True
2026-09-21,Jac7b8998d0,Matteo Rosingana,M,1144,9,"Cifras reales de 72 torneos (padelearnings.com + padelfip.com), no una estimación genérica",padelearnings.com + padelfip.com + padelapi.org · elaboración propia,True
2026-09-21,Jec25f5cc0f,Georges Wakim,M,1141,2,"Cifras reales de 72 torneos (padelearnings.com + padelfip.com), no una estimación genérica",padelearnings.com + padelfip.com + padelapi.org · elaboración propia,True
2026-09-21,Jc74774aed4,Luna Di Battista,F,1140,7,"Cifras reales de 72 torneos (padelearnings.com + padelfip.com), no una estimación genérica",padelearnings.com + padelfip.com + padelapi.org · elaboración propia,True
2026-09-21,J67f6107392,Dilara Torssell,F,1138,4,"Cifras reales de 72 torneos (padelearnings.com + padelfip.com), no una estimación genérica",padelearnings.com + padelfip.com + padelapi.org · elaboración propia,True
2026-09-21,Jc7b8002d1d,Thomas Seux,M,1110,10,"Cifras reales de 72 torneos (padelearnings.com + padelfip.com), no una estimación genérica",padelearnings.com + padelfip.com + padelapi.org · elaboración propia,True
2026-09-21,J9fa87d6f8e,Mohamed El Garhy,M,1102,2,"Cifras reales de 72 torneos (padelearnings.com + padelfip.com), no una estimación genérica",padelearnings.com + padelfip.com + padelapi.org · elaboración propia,True
2026-09-21,Jdab1516780,Mohamed Aboulkassem,M,1102,2,"Cifras reales de 72 torneos (padelearnings.com + padelfip.com), no una estimación genérica",padelearnings.com + padelfip.com + padelapi.org · elaboración propia,True
2026-09-21,J498438d5c3,Mateo Rivero,M,1098,7,"Cifras reales de 72 torneos (padelearnings.com + padelfip.com), no una estimación genérica",padelearnings.com + padelfip.com + padelapi.org · elaboración propia,True
2026-09-21,Ja9b105eeb6,Lorenzo Di Giovanni,M,1083,8,"Cifras reales de 72 torneos (padelearnings.com + padelfip.com), no una estimación genérica",padelearnings.com + padelfip.com + padelapi.org · elaboración propia,True
2026-09-21,J2bb0d660bd,Nathan Courrin,M,1082,7,"Cifras reales de 72 torneos (padelearnings.com + padelfip.com), no una estimación genérica",padelearnings.com + padelfip.com + padelapi.org · elaboración propia,True
2026-09-21,J5c5337b291,Maxime Joris,M,1081,7,"Cifras reales de 72 torneos (padelearnings.com + padelfip.com), no una estimación genérica",padelearnings.com + padelfip.com + padelapi.org · elaboración propia,True
2026-09-21,J31146b1ec0,Lorena Alonso De Lera,F,1077,4,"Cifras reales de 72 torneos (padelearnings.com + padelfip.com), no una estimación genérica",padelearnings.com + padelfip.com + padelapi.org · elaboración propia,True
2026-09-21,Jf270912291,Jordi Casanova Bataller,M,1046,5,"Cifras reales de 72 torneos (padelearnings.com + padelfip.com), no una estimación genérica",padelearnings.com + padelfip.com + padelapi.org · elaboración propia,True
2026-09-21,Jbf09c9912c,Stephanie Weterings,F,1041,3,"Cifras reales de 72 torneos (padelearnings.com + padelfip.com), no una estimación genérica",padelearnings.com + padelfip.com + padelapi.org · elaboración propia,True
2026-09-21,J748e641379,Kevin Uriel Kviatkovski,M,1039,6,"Cifras reales de 72 torneos (padelearnings.com + padelfip.com), no una estimación genérica",padelearnings.com + padelfip.com + padelapi.org · elaboración propia,True
2026-09-21,J313547d912,Maria Garin,F,1021,7,"Cifras reales de 72 torneos (padelearnings.com + padelfip.com), no una estimación genérica",padelearnings.com + padelfip.com + padelapi.org · elaboración propia,True
2026-09-21,J9580b42552,Liza Groenveld,F,1012,4,"Cifras reales de 72 torneos (padelearnings.com + padelfip.com), no una estimación genérica",padelearnings.com + padelfip.com + padelapi.org · elaboración propia,True
2026-09-21,Jf7126db6ff,Camille Sireix,F,1010,7,"Cifras reales de 72 torneos (padelearnings.com + padelfip.com), no una estimación genérica",padelearnings.com + padelfip.com + padelapi.org · elaboración propia,True
2026-09-21,J61dca5fcb5,Simoné Roets,F,1009,1,"Cifras reales de 72 torneos (padelearnings.com + padelfip.com), no una estimación genérica",padelearnings.com + padelfip.com + padelapi.org · elaboración propia,True
2026-09-21,J8951c4e7da,Tamara Pieters,F,1009,1,"Cifras reales de 72 torneos (padelearnings.com + padelfip.com), no una estimación genérica",padelearnings.com + padelfip.com + padelapi.org · elaboración propia,True
2026-09-21,J00941f7c90,Zoe Kruger,F,1009,1,"Cifras reales de 72 torneos (padelearnings.com + padelfip.com), no una estimación genérica",padelearnings.com + padelfip.com + padelapi.org · elaboración propia,True
2026-09-21,J8ad8b2d15d,Linge Steenkamp,F,1009,1,"Cifras reales de 72 torneos (padelearnings.com + padelfip.com), no una estimación genérica",padelearnings.com + padelfip.com + padelapi.org · elaboración propia,True
2026-09-21,J6f1c5bf948,Sara Errani,F,1009,1,"Cifras reales de 72 torneos (padelearnings.com + padelfip.com), no una estimación genérica",padelearnings.com + padelfip.com + padelapi.org · elaboración propia,True
2026-09-21,J338d5ff835,Daniela Banchero,F,1009,1,"Cifras reales de 72 torneos (padelearnings.com + padelfip.com), no una estimación genérica",padelearnings.com + padelfip.com + padelapi.org · elaboración propia,True
2026-09-21,Jcb11781ffc,Irene Jimenez,F,1009,1,"Cifras reales de 72 torneos (padelearnings.com + padelfip.com), no una estimación genérica",padelearnings.com + padelfip.com + padelapi.org · elaboración propia,True
2026-09-21,Jbbffa7d84c,Marta Morga Alonso,F,1009,1,"Cifras reales de 72 torneos (padelearnings.com + padelfip.com), no una estimación genérica",padelearnings.com + padelfip.com + padelapi.org · elaboración propia,True
2026-09-21,Jdbe537a350,Willy Slaryd,M,1004,4,"Cifras reales de 72 torneos (padelearnings.com + padelfip.com), no una estimación genérica",padelearnings.com + padelfip.com + padelapi.org · elaboración propia,True
2026-09-21,J0d4d9602c3,Aurora Buscaino,F,1001,6,"Cifras reales de 72 torneos (padelearnings.com + padelfip.com), no una estimación genérica",padelearnings.com + padelfip.com + padelapi.org · elaboración propia,True
2026-09-21,J51cf748fea,Alvaro Lopez Campos,M,1000,3,"Cifras reales de 72 torneos (padelearnings.com + padelfip.com), no una estimación genérica",padelearnings.com + padelfip.com + padelapi.org · elaboración propia,True
2026-09-21,J715be4a0fd,Isaac Huysveld,M,1000,3,"Cifras reales de 72 torneos (padelearnings.com + padelfip.com), no una estimación genérica",padelearnings.com + padelfip.com + padelapi.org · elaboración propia,True
2026-09-21,J1bc5c1eef6,Angela Caro Cantin,F,1000,1,"Cifras reales de 72 torneos (padelearnings.com + padelfip.com), no una estimación genérica",padelearnings.com + padelfip.com + padelapi.org · elaboración propia,True
2026-09-21,J218dcf247f,Gimena Sol Perez,F,1000,1,"Cifras reales de 72 torneos (padelearnings.com + padelfip.com), no una estimación genérica",padelearnings.com + padelfip.com + padelapi.org · elaboración propia,True
2026-09-21,Jf740a95f9c,Pablo Castillo Valverde,M,1000,1,"Cifras reales de 72 torneos (padelearnings.com + padelfip.com), no una estimación genérica",padelearnings.com + padelfip.com + padelapi.org · elaboración propia,True
2026-09-21,J98df29adaa,Jeronimo Gonzalez,M,1000,1,"Cifras reales de 72 torneos (padelearnings.com + padelfip.com), no una estimación genérica",padelearnings.com + padelfip.com + padelapi.org · elaboración propia,True
2026-09-21,J5625a310dd,Aly Zaghloul,M,1000,2,"Cifras reales de 72 torneos (padelearnings.com + padelfip.com), no una estimación genérica",padelearnings.com + padelfip.com + padelapi.org · elaboración propia,True
2026-09-21,Jed48bce753,Thiago Pinto,M,990,3,"Cifras reales de 72 torneos (padelearnings.com + padelfip.com), no una estimación genérica",padelearnings.com + padelfip.com + padelapi.org · elaboración propia,True
2026-09-21,J72f6cb6fd7,Melissa Martin,F,985,8,"Cifras reales de 72 torneos (padelearnings.com + padelfip.com), no una estimación genérica",padelearnings.com + padelfip.com + padelapi.org · elaboración propia,True
2026-09-21,J31871599ee,Abigail Tordoff,F,981,9,"Cifras reales de 72 torneos (padelearnings.com + padelfip.com), no una estimación genérica",padelearnings.com + padelfip.com + padelapi.org · elaboración propia,True
2026-09-21,J2f47b657d5,Fiorella Agostina Propato San Martin,F,981,3,"Cifras reales de 72 torneos (padelearnings.com + padelfip.com), no una estimación genérica",padelearnings.com + padelfip.com + padelapi.org · elaboración propia,True
2026-09-21,J2d732a3d0f,Pablo Pastor Landaburu,M,971,6,"Cifras reales de 72 torneos (padelearnings.com + padelfip.com), no una estimación genérica",padelearnings.com + padelfip.com + padelapi.org · elaboración propia,True
2026-09-21,Ja122ce4ec0,Chloe De La Mare,F,966,7,"Cifras reales de 72 torneos (padelearnings.com + padelfip.com), no una estimación genérica",padelearnings.com + padelfip.com + padelapi.org · elaboración propia,True
2026-09-21,Jf50ed7dc27,Vega Cano Ortin,F,962,6,"Cifras reales de 72 torneos (padelearnings.com + padelfip.com), no una estimación genérica",padelearnings.com + padelfip.com + padelapi.org · elaboración propia,True
2026-09-21,Jb9332e67b5,Antonio Luque,M,945,5,"Cifras reales de 72 torneos (padelearnings.com + padelfip.com), no una estimación genérica",padelearnings.com + padelfip.com + padelapi.org · elaboración propia,True
2026-09-21,J48a9e5b641,Alexandra Silva,F,939,7,"Cifras reales de 72 torneos (padelearnings.com + padelfip.com), no una estimación genérica",padelearnings.com + padelfip.com + padelapi.org · elaboración propia,True
2026-09-21,J8c587e3a72,Luciano Puppo,M,917,4,"Cifras reales de 72 torneos (padelearnings.com + padelfip.com), no una estimación genérica",padelearnings.com + padelfip.com + padelapi.org · elaboración propia,True
2026-09-21,J7fb901f392,Francisco Maier,M,913,2,"Cifras reales de 72 torneos (padelearnings.com + padelfip.com), no una estimación genérica",padelearnings.com + padelfip.com + padelapi.org · elaboración propia,True
2026-09-21,J19de772797,Dora Chamli,F,907,4,"Cifras reales de 72 torneos (padelearnings.com + padelfip.com), no una estimación genérica",padelearnings.com + padelfip.com + padelapi.org · elaboración propia,True
2026-09-21,Jf01fdfd06f,Matias Segura,M,906,4,"Cifras reales de 72 torneos (padelearnings.com + padelfip.com), no una estimación genérica",padelearnings.com + padelfip.com + padelapi.org · elaboración propia,True
2026-09-21,J84167a7aa1,Artem Matus,M,906,3,"Cifras reales de 72 torneos (padelearnings.com + padelfip.com), no una estimación genérica",padelearnings.com + padelfip.com + padelapi.org · elaboración propia,True
2026-09-21,J894677ce94,Cristian German Gutierrez,M,906,2,"Cifras reales de 72 torneos (padelearnings.com + padelfip.com), no una estimación genérica",padelearnings.com + padelfip.com + padelapi.org · elaboración propia,True
2026-09-21,Jfa48545a85,Ekaterina Nikitina,F,906,3,"Cifras reales de 72 torneos (padelearnings.com + padelfip.com), no una estimación genérica",padelearnings.com + padelfip.com + padelapi.org · elaboración propia,True
2026-09-21,J62121c1763,Henrique Barbosa,M,905,6,"Cifras reales de 72 torneos (padelearnings.com + padelfip.com), no una estimación genérica",padelearnings.com + padelfip.com + padelapi.org · elaboración propia,True
2026-09-21,J3328cadeec,Marco Remolina Pablo,M,890,4,"Cifras reales de 72 torneos (padelearnings.com + padelfip.com), no una estimación genérica",padelearnings.com + padelfip.com + padelapi.org · elaboración propia,True
2026-09-21,J21508786d0,Maria Delgado Medina,F,888,5,"Cifras reales de 72 torneos (padelearnings.com + padelfip.com), no una estimación genérica",padelearnings.com + padelfip.com + padelapi.org · elaboración propia,True
2026-09-21,J9469a057cb,Camilla Ronchini,F,883,6,"Cifras reales de 72 torneos (padelearnings.com + padelfip.com), no una estimación genérica",padelearnings.com + padelfip.com + padelapi.org · elaboración propia,True
2026-09-21,Jf6016102e2,Kimy Barla,F,873,8,"Cifras reales de 72 torneos (padelearnings.com + padelfip.com), no una estimación genérica",padelearnings.com + padelfip.com + padelapi.org · elaboración propia,True
2026-09-21,Jbe7ef7b85e,Lucia Dionisio Laureano,F,864,5,"Cifras reales de 72 torneos (padelearnings.com + padelfip.com), no una estimación genérica",padelearnings.com + padelfip.com + padelapi.org · elaboración propia,True
2026-09-21,J4e4faaf906,Diego Arredondo Garcia,M,843,4,"Cifras reales de 72 torneos (padelearnings.com + padelfip.com), no una estimación genérica",padelearnings.com + padelfip.com + padelapi.org · elaboración propia,True
2026-09-21,Jf877ce65c1,Saki Tsukamoto,F,839,4,"Cifras reales de 72 torneos (padelearnings.com + padelfip.com), no una estimación genérica",padelearnings.com + padelfip.com + padelapi.org · elaboración propia,True
2026-09-21,J7ff7a14c9d,Joel Olivera Palos,M,838,6,"Cifras reales de 72 torneos (padelearnings.com + padelfip.com), no una estimación genérica",padelearnings.com + padelfip.com + padelapi.org · elaboración propia,True
2026-09-21,J35fa7e2b82,Claudia Gaspar,F,838,4,"Cifras reales de 72 torneos (padelearnings.com + padelfip.com), no una estimación genérica",padelearnings.com + padelfip.com + padelapi.org · elaboración propia,True
2026-09-21,Jf9cd10b47e,Exequiel Mouriño,M,835,2,"Cifras reales de 72 torneos (padelearnings.com + padelfip.com), no una estimación genérica",padelearnings.com + padelfip.com + padelapi.org · elaboración propia,True
2026-09-21,Jf0f9187a59,Vasco Pascoal,M,823,6,"Cifras reales de 72 torneos (padelearnings.com + padelfip.com), no una estimación genérica",padelearnings.com + padelfip.com + padelapi.org · elaboración propia,True
2026-09-21,J17cba9fd90,Laura Jackson,F,820,8,"Cifras reales de 72 torneos (padelearnings.com + padelfip.com), no una estimación genérica",padelearnings.com + padelfip.com + padelapi.org · elaboración propia,True
2026-09-21,J2a769b1a48,Aleix Pozo Rius,M,817,8,"Cifras reales de 72 torneos (padelearnings.com + padelfip.com), no una estimación genérica",padelearnings.com + padelfip.com + padelapi.org · elaboración propia,True
2026-09-21,J75dc930257,Benjamin Tison,M,816,3,"Cifras reales de 72 torneos (padelearnings.com + padelfip.com), no una estimación genérica",padelearnings.com + padelfip.com + padelapi.org · elaboración propia,True
2026-09-21,J6d5637028d,Venise Chan,F,814,3,"Cifras reales de 72 torneos (padelearnings.com + padelfip.com), no una estimación genérica",padelearnings.com + padelfip.com + padelapi.org · elaboración propia,True
2026-09-21,J616508443c,Bohou Zhang,M,810,5,"Cifras reales de 72 torneos (padelearnings.com + padelfip.com), no una estimación genérica",padelearnings.com + padelfip.com + padelapi.org · elaboración propia,True
2026-09-21,Jdf39647c70,Nicolas Crosio,M,805,3,"Cifras reales de 72 torneos (padelearnings.com + padelfip.com), no una estimación genérica",padelearnings.com + padelfip.com + padelapi.org · elaboración propia,True
2026-09-21,Jfb45541463,Matias Emiliano Gutierrez C.,M,805,3,"Cifras reales de 72 torneos (padelearnings.com + padelfip.com), no una estimación genérica",padelearnings.com + padelfip.com + padelapi.org · elaboración propia,True
2026-09-21,Jd67d797893,Alex Blanco Sollet,M,779,5,"Cifras reales de 72 torneos (padelearnings.com + padelfip.com), no una estimación genérica",padelearnings.com + padelfip.com + padelapi.org · elaboración propia,True
2026-09-21,J641c068664,Santino Giuliani Lombardo,M,778,5,"Cifras reales de 72 torneos (padelearnings.com + padelfip.com), no una estimación genérica",padelearnings.com + padelfip.com + padelapi.org · elaboración propia,True
2026-09-21,Jefa6623aa9,Juliette Sirgant,F,765,5,"Cifras reales de 72 torneos (padelearnings.com + padelfip.com), no una estimación genérica",padelearnings.com + padelfip.com + padelapi.org · elaboración propia,True
2026-09-21,Jcc93108e8b,Manuel Vives,M,764,7,"Cifras reales de 72 torneos (padelearnings.com + padelfip.com), no una estimación genérica",padelearnings.com + padelfip.com + padelapi.org · elaboración propia,True
2026-09-21,J301be17503,Thomas Vanbauce,M,757,7,"Cifras reales de 72 torneos (padelearnings.com + padelfip.com), no una estimación genérica",padelearnings.com + padelfip.com + padelapi.org · elaboración propia,True
2026-09-21,Jefaae73bee,Noa Bonnefoy,M,756,4,"Cifras reales de 72 torneos (padelearnings.com + padelfip.com), no una estimación genérica",padelearnings.com + padelfip.com + padelapi.org · elaboración propia,True
2026-09-21,J23b6502e77,Matilde Minelli,F,752,6,"Cifras reales de 72 torneos (padelearnings.com + padelfip.com), no una estimación genérica",padelearnings.com + padelfip.com + padelapi.org · elaboración propia,True
2026-09-21,J628291fd9c,Afonso Fazendeiro,M,751,4,"Cifras reales de 72 torneos (padelearnings.com + padelfip.com), no una estimación genérica",padelearnings.com + padelfip.com + padelapi.org · elaboración propia,True
2026-09-21,J245c109cef,Yanis Muesser,M,750,10,"Cifras reales de 72 torneos (padelearnings.com + padelfip.com), no una estimación genérica",padelearnings.com + padelfip.com + padelapi.org · elaboración propia,True
2026-09-21,J76914fbaba,Joana Soares,F,750,6,"Cifras reales de 72 torneos (padelearnings.com + padelfip.com), no una estimación genérica",padelearnings.com + padelfip.com + padelapi.org · elaboración propia,True
2026-09-21,J4ff757b229,Martin Muedini,M,750,1,"Cifras reales de 72 torneos (padelearnings.com + padelfip.com), no una estimación genérica",padelearnings.com + padelfip.com + padelapi.org · elaboración propia,True
2026-09-21,J5a5634311b,Alensio Serjani,M,750,1,"Cifras reales de 72 torneos (padelearnings.com + padelfip.com), no una estimación genérica",padelearnings.com + padelfip.com + padelapi.org · elaboración propia,True
2026-09-21,J51adf796d6,Camilla Livioni,F,749,5,"Cifras reales de 72 torneos (padelearnings.com + padelfip.com), no una estimación genérica",padelearnings.com + padelfip.com + padelapi.org · elaboración propia,True
2026-09-21,J5f48f4cc22,Maria Arteaga Vilches,F,741,4,"Cifras reales de 72 torneos (padelearnings.com + padelfip.com), no una estimación genérica",padelearnings.com + padelfip.com + padelapi.org · elaboración propia,True
2026-09-21,J0e47f705f7,Julie Razafindranaly,F,726,3,"Cifras reales de 72 torneos (padelearnings.com + padelfip.com), no una estimación genérica",padelearnings.com + padelfip.com + padelapi.org · elaboración propia,True
2026-09-21,J40fabd9fdf,Mateo Conte Gonzalez,M,725,5,"Cifras reales de 72 torneos (padelearnings.com + padelfip.com), no una estimación genérica",padelearnings.com + padelfip.com + padelapi.org · elaboración propia,True
2026-09-21,Jb4ae80f61c,Giuditta Beltrami,F,722,6,"Cifras reales de 72 torneos (padelearnings.com + padelfip.com), no una estimación genérica",padelearnings.com + padelfip.com + padelapi.org · elaboración propia,True
2026-09-21,J12e0c38ca4,Marcos Cordoba,M,713,6,"Cifras reales de 72 torneos (padelearnings.com + padelfip.com), no una estimación genérica",padelearnings.com + padelfip.com + padelapi.org · elaboración propia,True
2026-09-21,J71d547bea6,Juan Manuel Argañaras,M,707,5,"Cifras reales de 72 torneos (padelearnings.com + padelfip.com), no una estimación genérica",padelearnings.com + padelfip.com + padelapi.org · elaboración propia,True
2026-09-21,J44c07b294a,Francesca Ligotti,F,695,5,"Cifras reales de 72 torneos (padelearnings.com + padelfip.com), no una estimación genérica",padelearnings.com + padelfip.com + padelapi.org · elaboración propia,True
2026-09-21,J3c87f713c9,Karlos Rodriguez Vidal,M,688,6,"Cifras reales de 72 torneos (padelearnings.com + padelfip.com), no una estimación genérica",padelearnings.com + padelfip.com + padelapi.org · elaboración propia,True
2026-09-21,Jc66979ecb6,Hector Vazquez Lopez,M,675,6,"Cifras reales de 72 torneos (padelearnings.com + padelfip.com), no una estimación genérica",padelearnings.com + padelfip.com + padelapi.org · elaboración propia,True
2026-09-21,J534216ea9f,Manuel Gayone,M,674,5,"Cifras reales de 72 torneos (padelearnings.com + padelfip.com), no una estimación genérica",padelearnings.com + padelfip.com + padelapi.org · elaboración propia,True
2026-09-21,J0ba1edd01c,Vlada Kutuzova,F,674,3,"Cifras reales de 72 torneos (padelearnings.com + padelfip.com), no una estimación genérica",padelearnings.com + padelfip.com + padelapi.org · elaboración propia,True
2026-09-21,Jc16ac034c2,Vilena Petrova,F,674,3,"Cifras reales de 72 torneos (padelearnings.com + padelfip.com), no una estimación genérica",padelearnings.com + padelfip.com + padelapi.org · elaboración propia,True
2026-09-21,J57b5181af5,Marianela Montesi,F,673,5,"Cifras reales de 72 torneos (padelearnings.com + padelfip.com), no una estimación genérica",padelearnings.com + padelfip.com + padelapi.org · elaboración propia,True
2026-09-21,Jb3b1bc9a2a,Lok Hei Jamie Yau,M,664,4,"Cifras reales de 72 torneos (padelearnings.com + padelfip.com), no una estimación genérica",padelearnings.com + padelfip.com + padelapi.org · elaboración propia,True
2026-09-21,J31a58e89c8,Nicolas Peña Ruiz,M,662,7,"Cifras reales de 72 torneos (padelearnings.com + padelfip.com), no una estimación genérica",padelearnings.com + padelfip.com + padelapi.org · elaboración propia,True
2026-09-21,J62dcbf2e47,Natalie Narkprasert,F,661,5,"Cifras reales de 72 torneos (padelearnings.com + padelfip.com), no una estimación genérica",padelearnings.com + padelfip.com + padelapi.org · elaboración propia,True
2026-09-21,Jea832d73dc,David Esteban Esposito,M,657,3,"Cifras reales de 72 torneos (padelearnings.com + padelfip.com), no una estimación genérica",padelearnings.com + padelfip.com + padelapi.org · elaboración propia,True
2026-09-21,J1437016d54,Sandra Martinez Diaz,F,648,7,"Cifras reales de 72 torneos (padelearnings.com + padelfip.com), no una estimación genérica",padelearnings.com + padelfip.com + padelapi.org · elaboración propia,True
2026-09-21,Jd1f055bc54,Lea Jurković,F,647,4,"Cifras reales de 72 torneos (padelearnings.com + padelfip.com), no una estimación genérica",padelearnings.com + padelfip.com + padelapi.org · elaboración propia,True
2026-09-21,J18b9f29f06,Silvia Lopez Vidal,F,646,3,"Cifras reales de 72 torneos (padelearnings.com + padelfip.com), no una estimación genérica",padelearnings.com + padelfip.com + padelapi.org · elaboración propia,True
2026-09-21,J2e0a6d59e8,Fatma Al Nabhani,F,646,2,"Cifras reales de 72 torneos (padelearnings.com + padelfip.com), no una estimación genérica",padelearnings.com + padelfip.com + padelapi.org · elaboración propia,True
2026-09-21,J35fdf88b95,Patricia Maria Ribeiro,F,644,6,"Cifras reales de 72 torneos (padelearnings.com + padelfip.com), no una estimación genérica",padelearnings.com + padelfip.com + padelapi.org · elaboración propia,True
2026-09-21,J63967edc91,Zé Alexandre Meireles,M,635,9,"Cifras reales de 72 torneos (padelearnings.com + padelfip.com), no una estimación genérica",padelearnings.com + padelfip.com + padelapi.org · elaboración propia,True
2026-09-21,Jc8fcfdf465,Margarida Fernandes,F,632,5,"Cifras reales de 72 torneos (padelearnings.com + padelfip.com), no una estimación genérica",padelearnings.com + padelfip.com + padelapi.org · elaboración propia,True
2026-09-21,Jf9976a36df,Fitia Robinson Andrianafetra,F,629,5,"Cifras reales de 72 torneos (padelearnings.com + padelfip.com), no una estimación genérica",padelearnings.com + padelfip.com + padelapi.org · elaboración propia,True
2026-09-21,Jb943be6dcc,Arthur Hugounenq,M,627,11,"Cifras reales de 72 torneos (padelearnings.com + padelfip.com), no una estimación genérica",padelearnings.com + padelfip.com + padelapi.org · elaboración propia,True
2026-09-21,Jf2aad629e5,Julien Biron,M,627,14,"Cifras reales de 72 torneos (padelearnings.com + padelfip.com), no una estimación genérica",padelearnings.com + padelfip.com + padelapi.org · elaboración propia,True
2026-09-21,Jd6604a054e,Oscar Sebber Gormsen,M,624,2,"Cifras reales de 72 torneos (padelearnings.com + padelfip.com), no una estimación genérica",padelearnings.com + padelfip.com + padelapi.org · elaboración propia,True
2026-09-21,J762e65f923,Sergio Arias Aznar,M,624,2,"Cifras reales de 72 torneos (padelearnings.com + padelfip.com), no una estimación genérica",padelearnings.com + padelfip.com + padelapi.org · elaboración propia,True
2026-09-21,J94553dd00c,Yoshino Kushima,F,624,5,"Cifras reales de 72 torneos (padelearnings.com + padelfip.com), no una estimación genérica",padelearnings.com + padelfip.com + padelapi.org · elaboración propia,True
2026-09-21,J7cd1ef2b60,Olivier Guy De Chamisso,M,623,7,"Cifras reales de 72 torneos (padelearnings.com + padelfip.com), no una estimación genérica",padelearnings.com + padelfip.com + padelapi.org · elaboración propia,True
2026-09-21,Je11aa1d88e,Adrian Rodriguez rodriguez-Manzaneque,M,622,5,"Cifras reales de 72 torneos (padelearnings.com + padelfip.com), no una estimación genérica",padelearnings.com + padelfip.com + padelapi.org · elaboración propia,True
2026-09-21,J31e41eef11,Adrian Baamonde,M,620,4,"Cifras reales de 72 torneos (padelearnings.com + padelfip.com), no una estimación genérica",padelearnings.com + padelfip.com + padelapi.org · elaboración propia,True
2026-09-21,J98fefe5f5f,Florencia Lucila Berraz Vivas,F,617,7,"Cifras reales de 72 torneos (padelearnings.com + padelfip.com), no una estimación genérica",padelearnings.com + padelfip.com + padelapi.org · elaboración propia,True
2026-09-21,J180161b9d0,Ainhoa Navarro Fernandez,F,616,5,"Cifras reales de 72 torneos (padelearnings.com + padelfip.com), no una estimación genérica",padelearnings.com + padelfip.com + padelapi.org · elaboración propia,True
2026-09-21,Jb46db04f42,Flavia Coppola,F,616,5,"Cifras reales de 72 torneos (padelearnings.com + padelfip.com), no una estimación genérica",padelearnings.com + padelfip.com + padelapi.org · elaboración propia,True
2026-09-21,J173b5cb1de,Naim Horacio Diaz,M,615,3,"Cifras reales de 72 torneos (padelearnings.com + padelfip.com), no una estimación genérica",padelearnings.com + padelfip.com + padelapi.org · elaboración propia,True
2026-09-21,J9a70c21ffb,Joaquin De Astoreca,M,612,3,"Cifras reales de 72 torneos (padelearnings.com + padelfip.com), no una estimación genérica",padelearnings.com + padelfip.com + padelapi.org · elaboración propia,True
2026-09-21,Je41ebd7fab,Antonio Varo Ramos,M,609,5,"Cifras reales de 72 torneos (padelearnings.com + padelfip.com), no una estimación genérica",padelearnings.com + padelfip.com + padelapi.org · elaboración propia,True
2026-09-21,Jd615c13182,Alice Radu,F,599,6,"Cifras reales de 72 torneos (padelearnings.com + padelfip.com), no una estimación genérica",padelearnings.com + padelfip.com + padelapi.org · elaboración propia,True
2026-09-21,J1163e98546,Menno Nolten,M,598,6,"Cifras reales de 72 torneos (padelearnings.com + padelfip.com), no una estimación genérica",padelearnings.com + padelfip.com + padelapi.org · elaboración propia,True
2026-09-21,J4f80878399,Max Bjorkman,M,598,7,"Cifras reales de 72 torneos (padelearnings.com + padelfip.com), no una estimación genérica",padelearnings.com + padelfip.com + padelapi.org · elaboración propia,True
2026-09-21,Jcf8c493a9d,Amir Mohamad Jamshidi,M,598,7,"Cifras reales de 72 torneos (padelearnings.com + padelfip.com), no una estimación genérica",padelearnings.com + padelfip.com + padelapi.org · elaboración propia,True
2026-09-21,Jac7f7bc8c2,Giulia Pisano,F,595,5,"Cifras reales de 72 torneos (padelearnings.com + padelfip.com), no una estimación genérica",padelearnings.com + padelfip.com + padelapi.org · elaboración propia,True
2026-09-21,J2e61fdca97,Leonardo Yob,M,591,4,"Cifras reales de 72 torneos (padelearnings.com + padelfip.com), no una estimación genérica",padelearnings.com + padelfip.com + padelapi.org · elaboración propia,True
2026-09-21,J7e8e684907,Alvaro Pozo Marroyo,M,587,8,"Cifras reales de 72 torneos (padelearnings.com + padelfip.com), no una estimación genérica",padelearnings.com + padelfip.com + padelapi.org · elaboración propia,True
2026-09-21,Jb27000531c,Julien Seurin,M,586,5,"Cifras reales de 72 torneos (padelearnings.com + padelfip.com), no una estimación genérica",padelearnings.com + padelfip.com + padelapi.org · elaboración propia,True
2026-09-21,J21a8398709,Sergio Tierno Herrero,M,573,5,"Cifras reales de 72 torneos (padelearnings.com + padelfip.com), no una estimación genérica",padelearnings.com + padelfip.com + padelapi.org · elaboración propia,True
2026-09-21,J8df9a7fee3,Maria Rasmussen,F,572,2,"Cifras reales de 72 torneos (padelearnings.com + padelfip.com), no una estimación genérica",padelearnings.com + padelfip.com + padelapi.org · elaboración propia,True
2026-09-21,J6d467a8d0f,Manuel Ramírez Pérez,M,569,4,"Cifras reales de 72 torneos (padelearnings.com + padelfip.com), no una estimación genérica",padelearnings.com + padelfip.com + padelapi.org · elaboración propia,True
2026-09-21,J61f43bee41,Federico Galli,M,566,7,"Cifras reales de 72 torneos (padelearnings.com + padelfip.com), no una estimación genérica",padelearnings.com + padelfip.com + padelapi.org · elaboración propia,True
2026-09-21,J66e6cce335,Michal Bartusek,M,560,7,"Cifras reales de 72 torneos (padelearnings.com + padelfip.com), no una estimación genérica",padelearnings.com + padelfip.com + padelapi.org · elaboración propia,True
2026-09-21,J1438dc732e,Ignacio Alonso Chillaron,M,558,6,"Cifras reales de 72 torneos (padelearnings.com + padelfip.com), no una estimación genérica",padelearnings.com + padelfip.com + padelapi.org · elaboración propia,True
2026-09-21,J4933405ffb,Ismael Maqueda Hidalgo,M,556,3,"Cifras reales de 72 torneos (padelearnings.com + padelfip.com), no una estimación genérica",padelearnings.com + padelfip.com + padelapi.org · elaboración propia,True
2026-09-21,Jf6e90f6f76,Fakih Najib,M,555,2,"Cifras reales de 72 torneos (padelearnings.com + padelfip.com), no una estimación genérica",padelearnings.com + padelfip.com + padelapi.org · elaboración propia,True
2026-09-21,Jdd7ad8a3ee,Andres Britos,M,555,2,"Cifras reales de 72 torneos (padelearnings.com + padelfip.com), no una estimación genérica",padelearnings.com + padelfip.com + padelapi.org · elaboración propia,True
2026-09-21,Jd3ef7a6f2c,Philemon Raichman,M,547,8,"Cifras reales de 72 torneos (padelearnings.com + padelfip.com), no una estimación genérica",padelearnings.com + padelfip.com + padelapi.org · elaboración propia,True
2026-09-21,J0b2104f116,Zhai Yu,F,546,4,"Cifras reales de 72 torneos (padelearnings.com + padelfip.com), no una estimación genérica",padelearnings.com + padelfip.com + padelapi.org · elaboración propia,True
2026-09-21,J9d3b6f86ec,Michele Brambilla,M,545,3,"Cifras reales de 72 torneos (padelearnings.com + padelfip.com), no una estimación genérica",padelearnings.com + padelfip.com + padelapi.org · elaboración propia,True
2026-09-21,Jd2211e7195,Alejandro Guinaldo Martin,M,545,7,"Cifras reales de 72 torneos (padelearnings.com + padelfip.com), no una estimación genérica",padelearnings.com + padelfip.com + padelapi.org · elaboración propia,True
2026-09-21,J095edb6637,Chifumi Sato,F,545,6,"Cifras reales de 72 torneos (padelearnings.com + padelfip.com), no una estimación genérica",padelearnings.com + padelfip.com + padelapi.org · elaboración propia,True
2026-09-21,J914b89d1cf,Daniela Portilla Gomez,F,544,6,"Cifras reales de 72 torneos (padelearnings.com + padelfip.com), no una estimación genérica",padelearnings.com + padelfip.com + padelapi.org · elaboración propia,True
2026-09-21,Ja53688f0a7,Quetzali Dafne Vazquez Montesinos,F,544,1,"Cifras reales de 72 torneos (padelearnings.com + padelfip.com), no una estimación genérica",padelearnings.com + padelfip.com + padelapi.org · elaboración propia,True
2026-09-21,Jcf796e0679,Aranzazu Gallardo Muñoz,F,544,1,"Cifras reales de 72 torneos (padelearnings.com + padelfip.com), no una estimación genérica",padelearnings.com + padelfip.com + padelapi.org · elaboración propia,True
2026-09-21,J266bef51d7,Sofia Luini,F,544,1,"Cifras reales de 72 torneos (padelearnings.com + padelfip.com), no una estimación genérica",padelearnings.com + padelfip.com + padelapi.org · elaboración propia,True
2026-09-21,Je2edb17cd1,Maria Belen Mosca,F,544,1,"Cifras reales de 72 torneos (padelearnings.com + padelfip.com), no una estimación genérica",padelearnings.com + padelfip.com + padelapi.org · elaboración propia,True
2026-09-21,J7904c2b6c3,Jimena Ortiz Lozano,F,544,3,"Cifras reales de 72 torneos (padelearnings.com + padelfip.com), no una estimación genérica",padelearnings.com + padelfip.com + padelapi.org · elaboración propia,True
2026-09-21,Jff31d9611f,Mya Campa Labossière,F,544,1,"Cifras reales de 72 torneos (padelearnings.com + padelfip.com), no una estimación genérica",padelearnings.com + padelfip.com + padelapi.org · elaboración propia,True
2026-09-21,J8719bb6273,Regina Estrada Dieguez,F,544,1,"Cifras reales de 72 torneos (padelearnings.com + padelfip.com), no una estimación genérica",padelearnings.com + padelfip.com + padelapi.org · elaboración propia,True
2026-09-21,Jaa7dadc7ce,Daniela Rodriguez Borjas Villegas,F,544,1,"Cifras reales de 72 torneos (padelearnings.com + padelfip.com), no una estimación genérica",padelearnings.com + padelfip.com + padelapi.org · elaboración propia,True
2026-09-21,J51660ea881,Simone Cremona,M,535,5,"Cifras reales de 72 torneos (padelearnings.com + padelfip.com), no una estimación genérica",padelearnings.com + padelfip.com + padelapi.org · elaboración propia,True
2026-09-21,J6687bf4731,Juan Ignacio Franco,M,535,7,"Cifras reales de 72 torneos (padelearnings.com + padelfip.com), no una estimación genérica",padelearnings.com + padelfip.com + padelapi.org · elaboración propia,True
2026-09-21,J80fb4ba655,Rosie Quirk,F,534,6,"Cifras reales de 72 torneos (padelearnings.com + padelfip.com), no una estimación genérica",padelearnings.com + padelfip.com + padelapi.org · elaboración propia,True
2026-09-21,J1fc2bb673d,Hiu Laam Chan,F,534,3,"Cifras reales de 72 torneos (padelearnings.com + padelfip.com), no una estimación genérica",padelearnings.com + padelfip.com + padelapi.org · elaboración propia,True
2026-09-21,J520549cd9f,Jose Rico,M,531,1,"Cifras reales de 72 torneos (padelearnings.com + padelfip.com), no una estimación genérica",padelearnings.com + padelfip.com + padelapi.org · elaboración propia,True
2026-09-21,J678b6eb1eb,Juan Cruz Forastello,M,531,1,"Cifras reales de 72 torneos (padelearnings.com + padelfip.com), no una estimación genérica",padelearnings.com + padelfip.com + padelapi.org · elaboración propia,True
2026-09-21,J53e0c00dce,Bernardo Tavares,M,526,7,"Cifras reales de 72 torneos (padelearnings.com + padelfip.com), no una estimación genérica",padelearnings.com + padelfip.com + padelapi.org · elaboración propia,True
2026-09-21,J5f6b6f1112,Simone Vaccari,M,518,7,"Cifras reales de 72 torneos (padelearnings.com + padelfip.com), no una estimación genérica",padelearnings.com + padelfip.com + padelapi.org · elaboración propia,True
2026-09-21,J3410b56c22,Fabricio Parra Heck,M,510,5,"Cifras reales de 72 torneos (padelearnings.com + padelfip.com), no una estimación genérica",padelearnings.com + padelfip.com + padelapi.org · elaboración propia,True
2026-09-21,J3ea8e098e9,Tess De Vocht,F,507,5,"Cifras reales de 72 torneos (padelearnings.com + padelfip.com), no una estimación genérica",padelearnings.com + padelfip.com + padelapi.org · elaboración propia,True
2026-09-21,J9899318622,Beatriz Ferreira,F,507,6,"Cifras reales de 72 torneos (padelearnings.com + padelfip.com), no una estimación genérica",padelearnings.com + padelfip.com + padelapi.org · elaboración propia,True
2026-09-21,J3f573d4e21,Nicolas Cordoba,M,506,4,"Cifras reales de 72 torneos (padelearnings.com + padelfip.com), no una estimación genérica",padelearnings.com + padelfip.com + padelapi.org · elaboración propia,True
2026-09-21,J18e2ad006a,Argel Alexandro Albanes,M,502,3,"Cifras reales de 72 torneos (padelearnings.com + padelfip.com), no una estimación genérica",padelearnings.com + padelfip.com + padelapi.org · elaboración propia,True
2026-09-21,Jf720ba279f,Gianina Minieri,F,500,1,"Cifras reales de 72 torneos (padelearnings.com + padelfip.com), no una estimación genérica",padelearnings.com + padelfip.com + padelapi.org · elaboración propia,True
2026-09-21,Ja2580a0e06,Laila El Nimr,F,500,1,"Cifras reales de 72 torneos (padelearnings.com + padelfip.com), no una estimación genérica",padelearnings.com + padelfip.com + padelapi.org · elaboración propia,True
2026-09-21,Jf4ea3275e4,Moura Hakim,F,500,1,"Cifras reales de 72 torneos (padelearnings.com + padelfip.com), no una estimación genérica",padelearnings.com + padelfip.com + padelapi.org · elaboración propia,True
2026-09-21,Jcfa2408280,Bohdan Levchuk,M,497,5,"Cifras reales de 72 torneos (padelearnings.com + padelfip.com), no una estimación genérica",padelearnings.com + padelfip.com + padelapi.org · elaboración propia,True
2026-09-21,J7a579ee00a,Anna Schmid,F,497,4,"Cifras reales de 72 torneos (padelearnings.com + padelfip.com), no una estimación genérica",padelearnings.com + padelfip.com + padelapi.org · elaboración propia,True
2026-09-21,J2c341b4fc7,Nora Leinus,F,496,6,"Cifras reales de 72 torneos (padelearnings.com + padelfip.com), no una estimación genérica",padelearnings.com + padelfip.com + padelapi.org · elaboración propia,True
2026-09-21,J5a467fef88,Jose Pablo Padilla,M,493,3,"Cifras reales de 72 torneos (padelearnings.com + padelfip.com), no una estimación genérica",padelearnings.com + padelfip.com + padelapi.org · elaboración propia,True
2026-09-21,J0f67526155,Louis Jover,M,487,4,"Cifras reales de 72 torneos (padelearnings.com + padelfip.com), no una estimación genérica",padelearnings.com + padelfip.com + padelapi.org · elaboración propia,True
2026-09-21,J8852bfabff,Nina Duernberger,F,486,5,"Cifras reales de 72 torneos (padelearnings.com + padelfip.com), no una estimación genérica",padelearnings.com + padelfip.com + padelapi.org · elaboración propia,True
2026-09-21,J0983c1572a,Alica Repcikova,F,486,4,"Cifras reales de 72 torneos (padelearnings.com + padelfip.com), no una estimación genérica",padelearnings.com + padelfip.com + padelapi.org · elaboración propia,True
2026-09-21,J0fccde925d,Michela Zaccagnini,F,485,5,"Cifras reales de 72 torneos (padelearnings.com + padelfip.com), no una estimación genérica",padelearnings.com + padelfip.com + padelapi.org · elaboración propia,True
2026-09-21,J303e723f52,Lou Lambert Agosti,F,483,5,"Cifras reales de 72 torneos (padelearnings.com + padelfip.com), no una estimación genérica",padelearnings.com + padelfip.com + padelapi.org · elaboración propia,True
2026-09-21,J25b515b895,Maaike Betz,F,482,5,"Cifras reales de 72 torneos (padelearnings.com + padelfip.com), no una estimación genérica",padelearnings.com + padelfip.com + padelapi.org · elaboración propia,True
2026-09-21,Jeda324ff99,Tia Louisa Norton,F,482,6,"Cifras reales de 72 torneos (padelearnings.com + padelfip.com), no una estimación genérica",padelearnings.com + padelfip.com + padelapi.org · elaboración propia,True
2026-09-21,Jc13f82d0ec,Plinio Ferrao,M,481,6,"Cifras reales de 72 torneos (padelearnings.com + padelfip.com), no una estimación genérica",padelearnings.com + padelfip.com + padelapi.org · elaboración propia,True
2026-09-21,J83612bc098,Julia Giusti Gomes,F,481,2,"Cifras reales de 72 torneos (padelearnings.com + padelfip.com), no una estimación genérica",padelearnings.com + padelfip.com + padelapi.org · elaboración propia,True
2026-09-21,J1b409afce0,Nerea Derbis,F,481,2,"Cifras reales de 72 torneos (padelearnings.com + padelfip.com), no una estimación genérica",padelearnings.com + padelfip.com + padelapi.org · elaboración propia,True
2026-09-21,J4370c954db,Lorena Marruffo,F,481,2,"Cifras reales de 72 torneos (padelearnings.com + padelfip.com), no una estimación genérica",padelearnings.com + padelfip.com + padelapi.org · elaboración propia,True
2026-09-21,Je94b842863,Jessica Lucinda Palma La Cruz,F,473,5,"Cifras reales de 72 torneos (padelearnings.com + padelfip.com), no una estimación genérica",padelearnings.com + padelfip.com + padelapi.org · elaboración propia,True
2026-09-21,Jbd5ee2f22a,Jaime Lobo Wordsworth,M,462,7,"Cifras reales de 72 torneos (padelearnings.com + padelfip.com), no una estimación genérica",padelearnings.com + padelfip.com + padelapi.org · elaboración propia,True
2026-09-21,Jf6058a31c4,Elysia Wan,F,458,4,"Cifras reales de 72 torneos (padelearnings.com + padelfip.com), no una estimación genérica",padelearnings.com + padelfip.com + padelapi.org · elaboración propia,True
2026-09-21,J6be7101b56,Clara Miret Llorach,F,457,4,"Cifras reales de 72 torneos (padelearnings.com + padelfip.com), no una estimación genérica",padelearnings.com + padelfip.com + padelapi.org · elaboración propia,True
2026-09-21,J5470f734b4,Adrian Rodriguez,M,453,1,"Cifras reales de 72 torneos (padelearnings.com + padelfip.com), no una estimación genérica",padelearnings.com + padelfip.com + padelapi.org · elaboración propia,True
2026-09-21,Jff3f55320a,Novela Putria,F,453,3,"Cifras reales de 72 torneos (padelearnings.com + padelfip.com), no una estimación genérica",padelearnings.com + padelfip.com + padelapi.org · elaboración propia,True
2026-09-21,Jdd6d2a8840,Nour Allani,F,453,1,"Cifras reales de 72 torneos (padelearnings.com + padelfip.com), no una estimación genérica",padelearnings.com + padelfip.com + padelapi.org · elaboración propia,True
2026-09-21,Jef199d7712,Nadia Aida Acuña Lopez,F,453,1,"Cifras reales de 72 torneos (padelearnings.com + padelfip.com), no una estimación genérica",padelearnings.com + padelfip.com + padelapi.org · elaboración propia,True
2026-09-21,Je24eb7347c,Ainhoa Corrales Fernández,F,448,7,"Cifras reales de 72 torneos (padelearnings.com + padelfip.com), no una estimación genérica",padelearnings.com + padelfip.com + padelapi.org · elaboración propia,True
2026-09-21,J3da83be51b,Carmen Ibañez Diaz,F,447,6,"Cifras reales de 72 torneos (padelearnings.com + padelfip.com), no una estimación genérica",padelearnings.com + padelfip.com + padelapi.org · elaboración propia,True
2026-09-21,Jea722d807c,Jairo Guerrero Escarcena,M,446,3,"Cifras reales de 72 torneos (padelearnings.com + padelfip.com), no una estimación genérica",padelearnings.com + padelfip.com + padelapi.org · elaboración propia,True
2026-09-21,J527888a759,Theo Suzanna,M,445,7,"Cifras reales de 72 torneos (padelearnings.com + padelfip.com), no una estimación genérica",padelearnings.com + padelfip.com + padelapi.org · elaboración propia,True
2026-09-21,J951002f283,Tristan Piombo,M,445,8,"Cifras reales de 72 torneos (padelearnings.com + padelfip.com), no una estimación genérica",padelearnings.com + padelfip.com + padelapi.org · elaboración propia,True
2026-09-21,J4c055b23b4,Lucas Mañero Cervo Baeza,M,442,6,"Cifras reales de 72 torneos (padelearnings.com + padelfip.com), no una estimación genérica",padelearnings.com + padelfip.com + padelapi.org · elaboración propia,True
2026-09-21,J8b7eed3e71,Javier Garcia Caro,M,434,6,"Cifras reales de 72 torneos (padelearnings.com + padelfip.com), no una estimación genérica",padelearnings.com + padelfip.com + padelapi.org · elaboración propia,True
2026-09-21,J99a9751809,Helena Rousselet Novillo,F,433,5,"Cifras reales de 72 torneos (padelearnings.com + padelfip.com), no una estimación genérica",padelearnings.com + padelfip.com + padelapi.org · elaboración propia,True
2026-09-21,J0e47557c10,Fan Yang,M,432,2,"Cifras reales de 72 torneos (padelearnings.com + padelfip.com), no una estimación genérica",padelearnings.com + padelfip.com + padelapi.org · elaboración propia,True
2026-09-21,J4e00b7067b,Wenjie Wang,M,432,2,"Cifras reales de 72 torneos (padelearnings.com + padelfip.com), no una estimación genérica",padelearnings.com + padelfip.com + padelapi.org · elaboración propia,True
2026-09-21,J099ad4c37a,Christian Didier Chin Zao Quan,M,432,2,"Cifras reales de 72 torneos (padelearnings.com + padelfip.com), no una estimación genérica",padelearnings.com + padelfip.com + padelapi.org · elaboración propia,True
2026-09-21,Jc7bd601531,Huiwen Liu,F,432,2,"Cifras reales de 72 torneos (padelearnings.com + padelfip.com), no una estimación genérica",padelearnings.com + padelfip.com + padelapi.org · elaboración propia,True
2026-09-21,Jaa6be58a67,Melanie Lau,F,432,3,"Cifras reales de 72 torneos (padelearnings.com + padelfip.com), no una estimación genérica",padelearnings.com + padelfip.com + padelapi.org · elaboración propia,True
2026-09-21,Jff18bc99e2,Yik Yan Law,F,432,2,"Cifras reales de 72 torneos (padelearnings.com + padelfip.com), no una estimación genérica",padelearnings.com + padelfip.com + padelapi.org · elaboración propia,True
2026-09-21,J3c1a2f75e6,Maher Hachem,M,432,2,"Cifras reales de 72 torneos (padelearnings.com + padelfip.com), no una estimación genérica",padelearnings.com + padelfip.com + padelapi.org · elaboración propia,True
2026-09-21,Jdc1c5050ab,Fiona Ligi,F,430,4,"Cifras reales de 72 torneos (padelearnings.com + padelfip.com), no una estimación genérica",padelearnings.com + padelfip.com + padelapi.org · elaboración propia,True
2026-09-21,J60d84a5760,Federico Chiostri,M,425,1,"Cifras reales de 72 torneos (padelearnings.com + padelfip.com), no una estimación genérica",padelearnings.com + padelfip.com + padelapi.org · elaboración propia,True
2026-09-21,J2711e8bfa7,Lucia Garcia Trella,F,425,1,"Cifras reales de 72 torneos (padelearnings.com + padelfip.com), no una estimación genérica",padelearnings.com + padelfip.com + padelapi.org · elaboración propia,True
2026-09-21,J8e859e8bdb,Leonid Poliakov,M,423,7,"Cifras reales de 72 torneos (padelearnings.com + padelfip.com), no una estimación genérica",padelearnings.com + padelfip.com + padelapi.org · elaboración propia,True
2026-09-21,J10c3c28198,Rea Qinami,F,421,1,"Cifras reales de 72 torneos (padelearnings.com + padelfip.com), no una estimación genérica",padelearnings.com + padelfip.com + padelapi.org · elaboración propia,True
2026-09-21,Jff42f48f58,Brisilda Kuqo,F,421,1,"Cifras reales de 72 torneos (padelearnings.com + padelfip.com), no una estimación genérica",padelearnings.com + padelfip.com + padelapi.org · elaboración propia,True
2026-09-21,J52417943da,Coral Alvarez Castro,F,419,4,"Cifras reales de 72 torneos (padelearnings.com + padelfip.com), no una estimación genérica",padelearnings.com + padelfip.com + padelapi.org · elaboración propia,True
2026-09-21,J65bc384e2d,Adolfina Caballero Vico,F,419,7,"Cifras reales de 72 torneos (padelearnings.com + padelfip.com), no una estimación genérica",padelearnings.com + padelfip.com + padelapi.org · elaboración propia,True
2026-09-21,J35dcd99c25,Micaela Moroni,F,416,4,"Cifras reales de 72 torneos (padelearnings.com + padelfip.com), no una estimación genérica",padelearnings.com + padelfip.com + padelapi.org · elaboración propia,True
2026-09-21,J9ca46cff92,Deborah Cruciani,F,416,4,"Cifras reales de 72 torneos (padelearnings.com + padelfip.com), no una estimación genérica",padelearnings.com + padelfip.com + padelapi.org · elaboración propia,True
2026-09-21,Je54d1475e7,Manuel Sousa,M,414,5,"Cifras reales de 72 torneos (padelearnings.com + padelfip.com), no una estimación genérica",padelearnings.com + padelfip.com + padelapi.org · elaboración propia,True
2026-09-21,Jc75f9c4b14,Lucas Pillon,M,414,4,"Cifras reales de 72 torneos (padelearnings.com + padelfip.com), no una estimación genérica",padelearnings.com + padelfip.com + padelapi.org · elaboración propia,True
2026-09-21,Jb90b3908d9,Roger Aromi Siquier,M,412,2,"Cifras reales de 72 torneos (padelearnings.com + padelfip.com), no una estimación genérica",padelearnings.com + padelfip.com + padelapi.org · elaboración propia,True
2026-09-21,J0a9dfa9882,Bram Meijer,M,408,5,"Cifras reales de 72 torneos (padelearnings.com + padelfip.com), no una estimación genérica",padelearnings.com + padelfip.com + padelapi.org · elaboración propia,True
2026-09-21,J40dae00f59,Daniel Maldonado Fornieles,M,408,6,"Cifras reales de 72 torneos (padelearnings.com + padelfip.com), no una estimación genérica",padelearnings.com + padelfip.com + padelapi.org · elaboración propia,True
2026-09-21,J918adfa566,Geremias Caluva,M,405,3,"Cifras reales de 72 torneos (padelearnings.com + padelfip.com), no una estimación genérica",padelearnings.com + padelfip.com + padelapi.org · elaboración propia,True
2026-09-21,J625d48ddd3,Fernando Agustin Vega,M,404,2,"Cifras reales de 72 torneos (padelearnings.com + padelfip.com), no una estimación genérica",padelearnings.com + padelfip.com + padelapi.org · elaboración propia,True
2026-09-21,J8ede9594b9,Francisco Coirini,M,404,3,"Cifras reales de 72 torneos (padelearnings.com + padelfip.com), no una estimación genérica",padelearnings.com + padelfip.com + padelapi.org · elaboración propia,True
2026-09-21,J32cea73a55,Juan Pablo Castillo,M,404,3,"Cifras reales de 72 torneos (padelearnings.com + padelfip.com), no una estimación genérica",padelearnings.com + padelfip.com + padelapi.org · elaboración propia,True
2026-09-21,J56cb9b116d,Gianluca Reynafe,M,404,3,"Cifras reales de 72 torneos (padelearnings.com + padelfip.com), no una estimación genérica",padelearnings.com + padelfip.com + padelapi.org · elaboración propia,True
2026-09-21,J345bb5be9e,Juan Pedro Ramirez Ruiz,M,403,3,"Cifras reales de 72 torneos (padelearnings.com + padelfip.com), no una estimación genérica",padelearnings.com + padelfip.com + padelapi.org · elaboración propia,True
2026-09-21,J23b83785c6,Cristina Aiello,F,395,4,"Cifras reales de 72 torneos (padelearnings.com + padelfip.com), no una estimación genérica",padelearnings.com + padelfip.com + padelapi.org · elaboración propia,True
2026-09-21,Ja7d5deeeb7,Elisa Sararu,F,395,3,"Cifras reales de 72 torneos (padelearnings.com + padelfip.com), no una estimación genérica",padelearnings.com + padelfip.com + padelapi.org · elaboración propia,True
2026-09-21,J1b710ca84f,Simon Yitbarek,M,394,3,"Cifras reales de 72 torneos (padelearnings.com + padelfip.com), no una estimación genérica",padelearnings.com + padelfip.com + padelapi.org · elaboración propia,True
2026-09-21,J67624c5d42,Sergio Esteban Barroso,M,394,4,"Cifras reales de 72 torneos (padelearnings.com + padelfip.com), no una estimación genérica",padelearnings.com + padelfip.com + padelapi.org · elaboración propia,True
2026-09-21,J257997d368,Aurelia Sara Argentieri,F,393,5,"Cifras reales de 72 torneos (padelearnings.com + padelfip.com), no una estimación genérica",padelearnings.com + padelfip.com + padelapi.org · elaboración propia,True
2026-09-21,J4362bde4e9,Thomas Basso,M,384,9,"Cifras reales de 72 torneos (padelearnings.com + padelfip.com), no una estimación genérica",padelearnings.com + padelfip.com + padelapi.org · elaboración propia,True
2026-09-21,Jdc819a4c00,Miguel Gonzalez,M,384,4,"Cifras reales de 72 torneos (padelearnings.com + padelfip.com), no una estimación genérica",padelearnings.com + padelfip.com + padelapi.org · elaboración propia,True
2026-09-21,J63e557b5b4,Enzo Chua,M,384,6,"Cifras reales de 72 torneos (padelearnings.com + padelfip.com), no una estimación genérica",padelearnings.com + padelfip.com + padelapi.org · elaboración propia,True
2026-09-21,J78e8b26a32,Arturo Calzada Felici,M,383,5,"Cifras reales de 72 torneos (padelearnings.com + padelfip.com), no una estimación genérica",padelearnings.com + padelfip.com + padelapi.org · elaboración propia,True
2026-09-21,J28ff10ee67,Sofia Salimova,F,383,2,"Cifras reales de 72 torneos (padelearnings.com + padelfip.com), no una estimación genérica",padelearnings.com + padelfip.com + padelapi.org · elaboración propia,True
2026-09-21,Jbdbd7c1918,Dora Andrejszki,F,383,5,"Cifras reales de 72 torneos (padelearnings.com + padelfip.com), no una estimación genérica",padelearnings.com + padelfip.com + padelapi.org · elaboración propia,True
2026-09-21,J17cbee899b,Andres Calzada Felici,M,383,4,"Cifras reales de 72 torneos (padelearnings.com + padelfip.com), no una estimación genérica",padelearnings.com + padelfip.com + padelapi.org · elaboración propia,True
2026-09-21,Ja6aa856d79,Alena Vasileva,F,383,3,"Cifras reales de 72 torneos (padelearnings.com + padelfip.com), no una estimación genérica",padelearnings.com + padelfip.com + padelapi.org · elaboración propia,True
2026-09-21,Jb7af87f530,Aaron Garcia Rubio,M,382,1,"Cifras reales de 72 torneos (padelearnings.com + padelfip.com), no una estimación genérica",padelearnings.com + padelfip.com + padelapi.org · elaboración propia,True
2026-09-21,J6538669989,Daniel Appelgren,M,382,2,"Cifras reales de 72 torneos (padelearnings.com + padelfip.com), no una estimación genérica",padelearnings.com + padelfip.com + padelapi.org · elaboración propia,True
2026-09-21,J16f4f73621,Sajad Zareianjahromi,M,382,1,"Cifras reales de 72 torneos (padelearnings.com + padelfip.com), no una estimación genérica",padelearnings.com + padelfip.com + padelapi.org · elaboración propia,True
2026-09-21,Jb1a73fc7fd,Zahra Kahrizi,F,382,1,"Cifras reales de 72 torneos (padelearnings.com + padelfip.com), no una estimación genérica",padelearnings.com + padelfip.com + padelapi.org · elaboración propia,True
2026-09-21,Jc50662d9b0,Mohammad Tuwainah,M,382,6,"Cifras reales de 72 torneos (padelearnings.com + padelfip.com), no una estimación genérica",padelearnings.com + padelfip.com + padelapi.org · elaboración propia,True
2026-09-21,J611f9093cd,Kazuki Tomita,M,382,5,"Cifras reales de 72 torneos (padelearnings.com + padelfip.com), no una estimación genérica",padelearnings.com + padelfip.com + padelapi.org · elaboración propia,True
2026-09-21,J5395d3e248,Sofia Arvidsson,F,382,1,"Cifras reales de 72 torneos (padelearnings.com + padelfip.com), no una estimación genérica",padelearnings.com + padelfip.com + padelapi.org · elaboración propia,True
2026-09-21,Jb95a869453,Juni Sjöland,F,382,1,"Cifras reales de 72 torneos (padelearnings.com + padelfip.com), no una estimación genérica",padelearnings.com + padelfip.com + padelapi.org · elaboración propia,True
2026-09-21,J68ad157778,Christian Fuster,M,382,3,"Cifras reales de 72 torneos (padelearnings.com + padelfip.com), no una estimación genérica",padelearnings.com + padelfip.com + padelapi.org · elaboración propia,True
2026-09-21,Je6386174e3,Miguel Angel Solbes,M,382,3,"Cifras reales de 72 torneos (padelearnings.com + padelfip.com), no una estimación genérica",padelearnings.com + padelfip.com + padelapi.org · elaboración propia,True
2026-09-21,J44ce757ba0,Daniel Martinez Otero,M,382,1,"Cifras reales de 72 torneos (padelearnings.com + padelfip.com), no una estimación genérica",padelearnings.com + padelfip.com + padelapi.org · elaboración propia,True
2026-09-21,J00dc3e138a,Victoria Nicholas,F,380,3,"Cifras reales de 72 torneos (padelearnings.com + padelfip.com), no una estimación genérica",padelearnings.com + padelfip.com + padelapi.org · elaboración propia,True
2026-09-21,J64d6f54981,Jose Alberto Funes Ontivero,M,380,3,"Cifras reales de 72 torneos (padelearnings.com + padelfip.com), no una estimación genérica",padelearnings.com + padelfip.com + padelapi.org · elaboración propia,True
2026-09-21,J2e841b7318,Elia Pons Plazas,F,374,3,"Cifras reales de 72 torneos (padelearnings.com + padelfip.com), no una estimación genérica",padelearnings.com + padelfip.com + padelapi.org · elaboración propia,True
2026-09-21,J7e896c6d38,Elena De La Rosa Ramos,F,366,3,"Cifras reales de 72 torneos (padelearnings.com + padelfip.com), no una estimación genérica",padelearnings.com + padelfip.com + padelapi.org · elaboración propia,True
2026-09-21,J796b7dee15,Ali Dawani,M,366,3,"Cifras reales de 72 torneos (padelearnings.com + padelfip.com), no una estimación genérica",padelearnings.com + padelfip.com + padelapi.org · elaboración propia,True
2026-09-21,Jc778364bd4,Tatyana Kutulaeva,F,366,2,"Cifras reales de 72 torneos (padelearnings.com + padelfip.com), no una estimación genérica",padelearnings.com + padelfip.com + padelapi.org · elaboración propia,True
2026-09-21,J8ba999684a,Manuel Valcarcel Sanchez,M,360,4,"Cifras reales de 72 torneos (padelearnings.com + padelfip.com), no una estimación genérica",padelearnings.com + padelfip.com + padelapi.org · elaboración propia,True
2026-09-21,Jaca25fd654,Jose Domingo Martinez Garcia,M,360,5,"Cifras reales de 72 torneos (padelearnings.com + padelfip.com), no una estimación genérica",padelearnings.com + padelfip.com + padelapi.org · elaboración propia,True
2026-09-21,Jfbc48e8dde,Maria Francisca Santos,F,357,4,"Cifras reales de 72 torneos (padelearnings.com + padelfip.com), no una estimación genérica",padelearnings.com + padelfip.com + padelapi.org · elaboración propia,True
2026-09-21,J4df1bed07c,Vasileios Sioulis,M,356,7,"Cifras reales de 72 torneos (padelearnings.com + padelfip.com), no una estimación genérica",padelearnings.com + padelfip.com + padelapi.org · elaboración propia,True
2026-09-21,Jd814d46d29,Bojana Jovanovic,F,356,5,"Cifras reales de 72 torneos (padelearnings.com + padelfip.com), no una estimación genérica",padelearnings.com + padelfip.com + padelapi.org · elaboración propia,True
2026-09-21,Ja26e4c680c,Pietro Giovannini,M,355,2,"Cifras reales de 72 torneos (padelearnings.com + padelfip.com), no una estimación genérica",padelearnings.com + padelfip.com + padelapi.org · elaboración propia,True
2026-09-21,Jc5d1299c8c,Beatrice Gumulya,F,355,3,"Cifras reales de 72 torneos (padelearnings.com + padelfip.com), no una estimación genérica",padelearnings.com + padelfip.com + padelapi.org · elaboración propia,True
2026-09-21,J552ebacd4c,Susana Martin Marin,F,355,3,"Cifras reales de 72 torneos (padelearnings.com + padelfip.com), no una estimación genérica",padelearnings.com + padelfip.com + padelapi.org · elaboración propia,True
2026-09-21,Je208bcc370,Covadonga Verdejo Saiz,F,346,4,"Cifras reales de 72 torneos (padelearnings.com + padelfip.com), no una estimación genérica",padelearnings.com + padelfip.com + padelapi.org · elaboración propia,True
2026-09-21,J803c7b68f5,Witold Konopko,M,345,3,"Cifras reales de 72 torneos (padelearnings.com + padelfip.com), no una estimación genérica",padelearnings.com + padelfip.com + padelapi.org · elaboración propia,True
2026-09-21,J09dab7a460,Lucas Miranda Santos,M,345,5,"Cifras reales de 72 torneos (padelearnings.com + padelfip.com), no una estimación genérica",padelearnings.com + padelfip.com + padelapi.org · elaboración propia,True
2026-09-21,J798df3a448,Pedro Carlos Garcia-Consuegra gutierrez,M,345,6,"Cifras reales de 72 torneos (padelearnings.com + padelfip.com), no una estimación genérica",padelearnings.com + padelfip.com + padelapi.org · elaboración propia,True
2026-09-21,Jfacfd9e6e9,Sergi Guimet Bigas,M,345,4,"Cifras reales de 72 torneos (padelearnings.com + padelfip.com), no una estimación genérica",padelearnings.com + padelfip.com + padelapi.org · elaboración propia,True
2026-09-21,J6bb8cb797a,Juan Jose Dominguez Cruz,M,345,8,"Cifras reales de 72 torneos (padelearnings.com + padelfip.com), no una estimación genérica",padelearnings.com + padelfip.com + padelapi.org · elaboración propia,True
2026-09-21,Jb5fd951fd6,Chun Wing Jennifer Sher,F,345,3,"Cifras reales de 72 torneos (padelearnings.com + padelfip.com), no una estimación genérica",padelearnings.com + padelfip.com + padelapi.org · elaboración propia,True
2026-09-21,J3f1760ba67,Sayaka Yoshimoto,F,345,3,"Cifras reales de 72 torneos (padelearnings.com + padelfip.com), no una estimación genérica",padelearnings.com + padelfip.com + padelapi.org · elaboración propia,True
2026-09-21,J74f4a7fdfb,Teresa Romero Yela,F,344,3,"Cifras reales de 72 torneos (padelearnings.com + padelfip.com), no una estimación genérica",padelearnings.com + padelfip.com + padelapi.org · elaboración propia,True
2026-09-21,J36f39276c7,Michal Skonieczny,M,344,6,"Cifras reales de 72 torneos (padelearnings.com + padelfip.com), no una estimación genérica",padelearnings.com + padelfip.com + padelapi.org · elaboración propia,True
2026-09-21,J115aff13b5,Arya Roghani,M,344,4,"Cifras reales de 72 torneos (padelearnings.com + padelfip.com), no una estimación genérica",padelearnings.com + padelfip.com + padelapi.org · elaboración propia,True
2026-09-21,J7d151219ca,Shengkai Yang,M,344,2,"Cifras reales de 72 torneos (padelearnings.com + padelfip.com), no una estimación genérica",padelearnings.com + padelfip.com + padelapi.org · elaboración propia,True
2026-09-21,Ja9e277af2c,Lei Xing,M,344,2,"Cifras reales de 72 torneos (padelearnings.com + padelfip.com), no una estimación genérica",padelearnings.com + padelfip.com + padelapi.org · elaboración propia,True
2026-09-21,J0aa43b3c5e,Lara Salloub,F,344,2,"Cifras reales de 72 torneos (padelearnings.com + padelfip.com), no una estimación genérica",padelearnings.com + padelfip.com + padelapi.org · elaboración propia,True
2026-09-21,J631dec560a,Kinda Omeis,F,344,2,"Cifras reales de 72 torneos (padelearnings.com + padelfip.com), no una estimación genérica",padelearnings.com + padelfip.com + padelapi.org · elaboración propia,True
2026-09-21,J62f6144374,Fatima Ezzeddine,F,344,2,"Cifras reales de 72 torneos (padelearnings.com + padelfip.com), no una estimación genérica",padelearnings.com + padelfip.com + padelapi.org · elaboración propia,True
2026-09-21,Jcd35eab065,Youssef Ait Oumelloul,M,344,2,"Cifras reales de 72 torneos (padelearnings.com + padelfip.com), no una estimación genérica",padelearnings.com + padelfip.com + padelapi.org · elaboración propia,True
2026-09-21,J78e4b9a8ef,Ehouman Ange Imran,M,344,2,"Cifras reales de 72 torneos (padelearnings.com + padelfip.com), no una estimación genérica",padelearnings.com + padelfip.com + padelapi.org · elaboración propia,True
2026-09-21,Jb01c267f9f,Joris Zumelzu,M,344,2,"Cifras reales de 72 torneos (padelearnings.com + padelfip.com), no una estimación genérica",padelearnings.com + padelfip.com + padelapi.org · elaboración propia,True
2026-09-21,J108ceed2c0,Albert Trillas Garcia,M,337,2,"Cifras reales de 72 torneos (padelearnings.com + padelfip.com), no una estimación genérica",padelearnings.com + padelfip.com + padelapi.org · elaboración propia,True
2026-09-21,J34abbb3a47,Alicia Cañellas,F,337,1,"Cifras reales de 72 torneos (padelearnings.com + padelfip.com), no una estimación genérica",padelearnings.com + padelfip.com + padelapi.org · elaboración propia,True
2026-09-21,Jd42d11bc7d,Lucile Pothier,F,337,2,"Cifras reales de 72 torneos (padelearnings.com + padelfip.com), no una estimación genérica",padelearnings.com + padelfip.com + padelapi.org · elaboración propia,True
2026-09-21,J6338142433,Alberto Gasca Romero,M,332,5,"Cifras reales de 72 torneos (padelearnings.com + padelfip.com), no una estimación genérica",padelearnings.com + padelfip.com + padelapi.org · elaboración propia,True
2026-09-21,J10a1a43a58,Alejandro Urzola Abad,M,332,3,"Cifras reales de 72 torneos (padelearnings.com + padelfip.com), no una estimación genérica",padelearnings.com + padelfip.com + padelapi.org · elaboración propia,True
2026-09-21,J186febc05b,Sergio Nieto Simon,M,331,3,"Cifras reales de 72 torneos (padelearnings.com + padelfip.com), no una estimación genérica",padelearnings.com + padelfip.com + padelapi.org · elaboración propia,True
2026-09-21,J535ed9af05,Carlos Perez Cabeza,M,331,4,"Cifras reales de 72 torneos (padelearnings.com + padelfip.com), no una estimación genérica",padelearnings.com + padelfip.com + padelapi.org · elaboración propia,True
2026-09-21,J15168a0a7c,Hiu Wai Lau,F,331,5,"Cifras reales de 72 torneos (padelearnings.com + padelfip.com), no una estimación genérica",padelearnings.com + padelfip.com + padelapi.org · elaboración propia,True
2026-09-21,J5b956c0036,Lauren Fujino,F,331,2,"Cifras reales de 72 torneos (padelearnings.com + padelfip.com), no una estimación genérica",padelearnings.com + padelfip.com + padelapi.org · elaboración propia,True
2026-09-21,J70a13940c6,Pablo Hernan Barrera,M,328,3,"Cifras reales de 72 torneos (padelearnings.com + padelfip.com), no una estimación genérica",padelearnings.com + padelfip.com + padelapi.org · elaboración propia,True
2026-09-21,J41ea39874d,Thiago Henrique Gasparin Santos,M,328,3,"Cifras reales de 72 torneos (padelearnings.com + padelfip.com), no una estimación genérica",padelearnings.com + padelfip.com + padelapi.org · elaboración propia,True
2026-09-21,J105ef26c0f,Giorgio Saputo,M,328,6,"Cifras reales de 72 torneos (padelearnings.com + padelfip.com), no una estimación genérica",padelearnings.com + padelfip.com + padelapi.org · elaboración propia,True
2026-09-21,J462ce66f54,Manfredi La Punzina,M,328,5,"Cifras reales de 72 torneos (padelearnings.com + padelfip.com), no una estimación genérica",padelearnings.com + padelfip.com + padelapi.org · elaboración propia,True
2026-09-21,Je935d9da74,Noemi Sermant,F,317,4,"Cifras reales de 72 torneos (padelearnings.com + padelfip.com), no una estimación genérica",padelearnings.com + padelfip.com + padelapi.org · elaboración propia,True
2026-09-21,Ja5e719e92e,Simone Simas,F,317,4,"Cifras reales de 72 torneos (padelearnings.com + padelfip.com), no una estimación genérica",padelearnings.com + padelfip.com + padelapi.org · elaboración propia,True
2026-09-21,Ja9ca11837d,Charlie Götke,M,317,5,"Cifras reales de 72 torneos (padelearnings.com + padelfip.com), no una estimación genérica",padelearnings.com + padelfip.com + padelapi.org · elaboración propia,True
2026-09-21,Jcfb20406d4,Ana Caballero Vico,F,317,7,"Cifras reales de 72 torneos (padelearnings.com + padelfip.com), no una estimación genérica",padelearnings.com + padelfip.com + padelapi.org · elaboración propia,True
2026-09-21,Jd3ab27e93b,Alexandre Toppin,M,317,1,"Cifras reales de 72 torneos (padelearnings.com + padelfip.com), no una estimación genérica",padelearnings.com + padelfip.com + padelapi.org · elaboración propia,True
2026-09-21,Jf3a26b47e3,Marie Maligo,F,317,1,"Cifras reales de 72 torneos (padelearnings.com + padelfip.com), no una estimación genérica",padelearnings.com + padelfip.com + padelapi.org · elaboración propia,True
2026-09-21,Jad30895dc1,Roberta Liberti,F,317,2,"Cifras reales de 72 torneos (padelearnings.com + padelfip.com), no una estimación genérica",padelearnings.com + padelfip.com + padelapi.org · elaboración propia,True
2026-09-21,Ja74cbafc52,Nika Sluzhiteleva,F,313,3,"Cifras reales de 72 torneos (padelearnings.com + padelfip.com), no una estimación genérica",padelearnings.com + padelfip.com + padelapi.org · elaboración propia,True
2026-09-21,Ja779741183,Marina Garsia,F,313,2,"Cifras reales de 72 torneos (padelearnings.com + padelfip.com), no una estimación genérica",padelearnings.com + padelfip.com + padelapi.org · elaboración propia,True
2026-09-21,J380098b17a,Francisco Britos,M,313,3,"Cifras reales de 72 torneos (padelearnings.com + padelfip.com), no una estimación genérica",padelearnings.com + padelfip.com + padelapi.org · elaboración propia,True
2026-09-21,J819ce065a4,Patricia Roman Aldea,F,312,5,"Cifras reales de 72 torneos (padelearnings.com + padelfip.com), no una estimación genérica",padelearnings.com + padelfip.com + padelapi.org · elaboración propia,True
2026-09-21,J8782979053,Romain Sichez,M,306,8,"Cifras reales de 72 torneos (padelearnings.com + padelfip.com), no una estimación genérica",padelearnings.com + padelfip.com + padelapi.org · elaboración propia,True
2026-09-21,J4710a594bf,Bart Van Opstal,M,306,6,"Cifras reales de 72 torneos (padelearnings.com + padelfip.com), no una estimación genérica",padelearnings.com + padelfip.com + padelapi.org · elaboración propia,True
2026-09-21,Jae729ff3b7,Marta Ortiz Montoya,F,306,5,"Cifras reales de 72 torneos (padelearnings.com + padelfip.com), no una estimación genérica",padelearnings.com + padelfip.com + padelapi.org · elaboración propia,True
2026-09-21,J850285e437,Michal Wargocki,M,306,3,"Cifras reales de 72 torneos (padelearnings.com + padelfip.com), no una estimación genérica",padelearnings.com + padelfip.com + padelapi.org · elaboración propia,True
2026-09-21,J384f2eefa5,Anna Zuka,F,306,3,"Cifras reales de 72 torneos (padelearnings.com + padelfip.com), no una estimación genérica",padelearnings.com + padelfip.com + padelapi.org · elaboración propia,True
2026-09-21,J06fd56d9c7,Louie Harris,M,306,4,"Cifras reales de 72 torneos (padelearnings.com + padelfip.com), no una estimación genérica",padelearnings.com + padelfip.com + padelapi.org · elaboración propia,True
2026-09-21,Jc5cadb9233,Cameron Dollimore,M,306,6,"Cifras reales de 72 torneos (padelearnings.com + padelfip.com), no una estimación genérica",padelearnings.com + padelfip.com + padelapi.org · elaboración propia,True
2026-09-21,Ja957d5873e,Alvaro Del Saz Garcia,M,303,6,"Cifras reales de 72 torneos (padelearnings.com + padelfip.com), no una estimación genérica",padelearnings.com + padelfip.com + padelapi.org · elaboración propia,True
2026-09-21,J08cfd69a39,Nicolas De Marco,M,303,2,"Cifras reales de 72 torneos (padelearnings.com + padelfip.com), no una estimación genérica",padelearnings.com + padelfip.com + padelapi.org · elaboración propia,True
2026-09-21,J8ffdad8d3e,Kai Groen,M,292,3,"Cifras reales de 72 torneos (padelearnings.com + padelfip.com), no una estimación genérica",padelearnings.com + padelfip.com + padelapi.org · elaboración propia,True
2026-09-21,Jbc3d31254d,Mats Groen,M,292,3,"Cifras reales de 72 torneos (padelearnings.com + padelfip.com), no una estimación genérica",padelearnings.com + padelfip.com + padelapi.org · elaboración propia,True
2026-09-21,J567ce06cb9,Yannick Verwater,M,292,2,"Cifras reales de 72 torneos (padelearnings.com + padelfip.com), no una estimación genérica",padelearnings.com + padelfip.com + padelapi.org · elaboración propia,True
2026-09-21,J4a621fc5dd,Lena Plümer,F,292,4,"Cifras reales de 72 torneos (padelearnings.com + padelfip.com), no una estimación genérica",padelearnings.com + padelfip.com + padelapi.org · elaboración propia,True
2026-09-21,Ja366c4e78c,Katharina Hering,F,292,4,"Cifras reales de 72 torneos (padelearnings.com + padelfip.com), no una estimación genérica",padelearnings.com + padelfip.com + padelapi.org · elaboración propia,True
2026-09-21,Jb55157d0ac,Javier Nuñez Lopez,M,292,2,"Cifras reales de 72 torneos (padelearnings.com + padelfip.com), no una estimación genérica",padelearnings.com + padelfip.com + padelapi.org · elaboración propia,True
2026-09-21,J46505ba8b1,Andres Martinez Cuquerella,M,292,2,"Cifras reales de 72 torneos (padelearnings.com + padelfip.com), no una estimación genérica",padelearnings.com + padelfip.com + padelapi.org · elaboración propia,True
2026-09-21,J930f837e4a,Mathias Gonzalez Lambert,M,292,2,"Cifras reales de 72 torneos (padelearnings.com + padelfip.com), no una estimación genérica",padelearnings.com + padelfip.com + padelapi.org · elaboración propia,True
2026-09-21,Jef926956ff,Julia Isabella Wiese,F,292,2,"Cifras reales de 72 torneos (padelearnings.com + padelfip.com), no una estimación genérica",padelearnings.com + padelfip.com + padelapi.org · elaboración propia,True
2026-09-21,J447fe0bc9e,Mauricio Garcia Villalobos,M,291,3,"Cifras reales de 72 torneos (padelearnings.com + padelfip.com), no una estimación genérica",padelearnings.com + padelfip.com + padelapi.org · elaboración propia,True
2026-09-21,J7a03ca5f76,Diego Garcia Villalobos Blanco,M,291,3,"Cifras reales de 72 torneos (padelearnings.com + padelfip.com), no una estimación genérica",padelearnings.com + padelfip.com + padelapi.org · elaboración propia,True
2026-09-21,J22d9c4378f,Erika Castillo Lopez,F,291,1,"Cifras reales de 72 torneos (padelearnings.com + padelfip.com), no una estimación genérica",padelearnings.com + padelfip.com + padelapi.org · elaboración propia,True
2026-09-21,J766fb9b90b,Valeria Montaño,F,291,1,"Cifras reales de 72 torneos (padelearnings.com + padelfip.com), no una estimación genérica",padelearnings.com + padelfip.com + padelapi.org · elaboración propia,True
2026-09-21,J7029614565,Ivana Perches Arredondo,F,291,1,"Cifras reales de 72 torneos (padelearnings.com + padelfip.com), no una estimación genérica",padelearnings.com + padelfip.com + padelapi.org · elaboración propia,True
2026-09-21,Jaaca469db1,Adriana Corona,F,291,1,"Cifras reales de 72 torneos (padelearnings.com + padelfip.com), no una estimación genérica",padelearnings.com + padelfip.com + padelapi.org · elaboración propia,True
2026-09-21,J63508bc9be,Annie Frida Arenas Mondragón,F,291,1,"Cifras reales de 72 torneos (padelearnings.com + padelfip.com), no una estimación genérica",padelearnings.com + padelfip.com + padelapi.org · elaboración propia,True
2026-09-21,Je9a3b3d72c,Maria Jose Montoya,F,291,1,"Cifras reales de 72 torneos (padelearnings.com + padelfip.com), no una estimación genérica",padelearnings.com + padelfip.com + padelapi.org · elaboración propia,True
2026-09-21,J86d6567ac5,Renata Martinez Becerra,F,291,1,"Cifras reales de 72 torneos (padelearnings.com + padelfip.com), no una estimación genérica",padelearnings.com + padelfip.com + padelapi.org · elaboración propia,True
2026-09-21,J49b11794a6,Alexa Silva Saavedra,F,291,1,"Cifras reales de 72 torneos (padelearnings.com + padelfip.com), no una estimación genérica",padelearnings.com + padelfip.com + padelapi.org · elaboración propia,True
2026-09-21,J4fd6261d0f,Jeronimo Escalante Diz,M,291,1,"Cifras reales de 72 torneos (padelearnings.com + padelfip.com), no una estimación genérica",padelearnings.com + padelfip.com + padelapi.org · elaboración propia,True
2026-09-21,J7161ce5278,Maria Do Carmo Ribeiro,F,283,6,"Cifras reales de 72 torneos (padelearnings.com + padelfip.com), no una estimación genérica",padelearnings.com + padelfip.com + padelapi.org · elaboración propia,True
2026-09-21,Jbcbfdc5649,Luisa Roque De Pinho,F,283,6,"Cifras reales de 72 torneos (padelearnings.com + padelfip.com), no una estimación genérica",padelearnings.com + padelfip.com + padelapi.org · elaboración propia,True
2026-09-21,J0245b0a551,Pol Alsina,M,283,4,"Cifras reales de 72 torneos (padelearnings.com + padelfip.com), no una estimación genérica",padelearnings.com + padelfip.com + padelapi.org · elaboración propia,True
2026-09-21,J32f0075bc9,Enzo Couacaud,M,283,2,"Cifras reales de 72 torneos (padelearnings.com + padelfip.com), no una estimación genérica",padelearnings.com + padelfip.com + padelapi.org · elaboración propia,True
2026-09-21,J8d35a5c642,Oscar Diaz Jauregui,M,282,3,"Cifras reales de 72 torneos (padelearnings.com + padelfip.com), no una estimación genérica",padelearnings.com + padelfip.com + padelapi.org · elaboración propia,True
2026-09-21,J3eed251d9b,Jorge Rangel,M,282,2,"Cifras reales de 72 torneos (padelearnings.com + padelfip.com), no una estimación genérica",padelearnings.com + padelfip.com + padelapi.org · elaboración propia,True
2026-09-21,Je8df4cbad4,Hector Dubuc,M,282,2,"Cifras reales de 72 torneos (padelearnings.com + padelfip.com), no una estimación genérica",padelearnings.com + padelfip.com + padelapi.org · elaboración propia,True
2026-09-21,Jb848a83e93,Marcelo Vidaurreta Villanueva,M,282,2,"Cifras reales de 72 torneos (padelearnings.com + padelfip.com), no una estimación genérica",padelearnings.com + padelfip.com + padelapi.org · elaboración propia,True
2026-09-21,Jf446cb81e4,Ulises Martinez Avila,M,282,3,"Cifras reales de 72 torneos (padelearnings.com + padelfip.com), no una estimación genérica",padelearnings.com + padelfip.com + padelapi.org · elaboración propia,True
2026-09-21,J8b309a30c3,Tobias Raffaele,M,282,2,"Cifras reales de 72 torneos (padelearnings.com + padelfip.com), no una estimación genérica",padelearnings.com + padelfip.com + padelapi.org · elaboración propia,True
2026-09-21,J9662252777,Mario Alberto Yañez Tapia,M,282,3,"Cifras reales de 72 torneos (padelearnings.com + padelfip.com), no una estimación genérica",padelearnings.com + padelfip.com + padelapi.org · elaboración propia,True
2026-09-21,J0b885b4be1,Laureano Martin Rey,M,282,2,"Cifras reales de 72 torneos (padelearnings.com + padelfip.com), no una estimación genérica",padelearnings.com + padelfip.com + padelapi.org · elaboración propia,True
2026-09-21,J9a0179c85f,Ayrton Matias Szyszcyc,M,282,2,"Cifras reales de 72 torneos (padelearnings.com + padelfip.com), no una estimación genérica",padelearnings.com + padelfip.com + padelapi.org · elaboración propia,True
2026-09-21,Jd47fd9fe86,Pablo Francisco Amora Hernandez,M,282,2,"Cifras reales de 72 torneos (padelearnings.com + padelfip.com), no una estimación genérica",padelearnings.com + padelfip.com + padelapi.org · elaboración propia,True
2026-09-21,J91aad19b6f,Mauricio Suarez Gonzalez,M,282,2,"Cifras reales de 72 torneos (padelearnings.com + padelfip.com), no una estimación genérica",padelearnings.com + padelfip.com + padelapi.org · elaboración propia,True
2026-09-21,J74f1053ee2,Sofia Gulnova,F,282,4,"Cifras reales de 72 torneos (padelearnings.com + padelfip.com), no una estimación genérica",padelearnings.com + padelfip.com + padelapi.org · elaboración propia,True
2026-09-21,Jbc946384ef,Jules Marie,M,272,5,"Cifras reales de 72 torneos (padelearnings.com + padelfip.com), no una estimación genérica",padelearnings.com + padelfip.com + padelapi.org · elaboración propia,True
2026-09-21,J625d8bd6b4,Alvaro Velasco Palma,M,272,3,"Cifras reales de 72 torneos (padelearnings.com + padelfip.com), no una estimación genérica",padelearnings.com + padelfip.com + padelapi.org · elaboración propia,True
2026-09-21,J1ae80536eb,Laura Buteau,F,272,6,"Cifras reales de 72 torneos (padelearnings.com + padelfip.com), no una estimación genérica",padelearnings.com + padelfip.com + padelapi.org · elaboración propia,True
2026-09-21,J72a8c75c95,Sandra Gamez,F,272,2,"Cifras reales de 72 torneos (padelearnings.com + padelfip.com), no una estimación genérica",padelearnings.com + padelfip.com + padelapi.org · elaboración propia,True
2026-09-21,Jcb0a210813,Maria Martinez Perez,F,272,4,"Cifras reales de 72 torneos (padelearnings.com + padelfip.com), no una estimación genérica",padelearnings.com + padelfip.com + padelapi.org · elaboración propia,True
2026-09-21,J4620ce3793,Maximo Cornejo Gonzalez,M,271,2,"Cifras reales de 72 torneos (padelearnings.com + padelfip.com), no una estimación genérica",padelearnings.com + padelfip.com + padelapi.org · elaboración propia,True
2026-09-21,J5afc38cfd8,Gaston Diaz,M,271,3,"Cifras reales de 72 torneos (padelearnings.com + padelfip.com), no una estimación genérica",padelearnings.com + padelfip.com + padelapi.org · elaboración propia,True
2026-09-21,Jea7aeb29d9,Gonçalo Costa Liberato,M,264,4,"Cifras reales de 72 torneos (padelearnings.com + padelfip.com), no una estimación genérica",padelearnings.com + padelfip.com + padelapi.org · elaboración propia,True
2026-09-21,J0ecdcb9422,Nerea Gomez Blasquez,F,264,2,"Cifras reales de 72 torneos (padelearnings.com + padelfip.com), no una estimación genérica",padelearnings.com + padelfip.com + padelapi.org · elaboración propia,True
2026-09-21,J53b0f72840,Andrea Batlle Achando,F,264,1,"Cifras reales de 72 torneos (padelearnings.com + padelfip.com), no una estimación genérica",padelearnings.com + padelfip.com + padelapi.org · elaboración propia,True
2026-09-21,Jf74877a566,Mar Garcia Casanova,F,264,2,"Cifras reales de 72 torneos (padelearnings.com + padelfip.com), no una estimación genérica",padelearnings.com + padelfip.com + padelapi.org · elaboración propia,True
2026-09-21,J960905ac9f,Adrien Maigret,M,264,2,"Cifras reales de 72 torneos (padelearnings.com + padelfip.com), no una estimación genérica",padelearnings.com + padelfip.com + padelapi.org · elaboración propia,True
2026-09-21,Jd58ec689d6,Maria Constanza Vega,F,264,2,"Cifras reales de 72 torneos (padelearnings.com + padelfip.com), no una estimación genérica",padelearnings.com + padelfip.com + padelapi.org · elaboración propia,True
2026-09-21,J2981eccc65,Maxime Forcin,M,264,1,"Cifras reales de 72 torneos (padelearnings.com + padelfip.com), no una estimación genérica",padelearnings.com + padelfip.com + padelapi.org · elaboración propia,True
2026-09-21,Jbddea1803a,Rayane Akram Hamou,M,254,3,"Cifras reales de 72 torneos (padelearnings.com + padelfip.com), no una estimación genérica",padelearnings.com + padelfip.com + padelapi.org · elaboración propia,True
2026-09-21,J3dd4c9f53a,Mihnea Petru Zaharia,M,254,2,"Cifras reales de 72 torneos (padelearnings.com + padelfip.com), no una estimación genérica",padelearnings.com + padelfip.com + padelapi.org · elaboración propia,True
2026-09-21,J8441affc82,Horia Vladimir Nedelcu,M,254,4,"Cifras reales de 72 torneos (padelearnings.com + padelfip.com), no una estimación genérica",padelearnings.com + padelfip.com + padelapi.org · elaboración propia,True
2026-09-21,Jb8b2a8627e,Nura Padilla Tomasa,F,254,6,"Cifras reales de 72 torneos (padelearnings.com + padelfip.com), no una estimación genérica",padelearnings.com + padelfip.com + padelapi.org · elaboración propia,True
2026-09-21,Jca1e98a540,Lasse Schramm Simonsen,M,254,3,"Cifras reales de 72 torneos (padelearnings.com + padelfip.com), no una estimación genérica",padelearnings.com + padelfip.com + padelapi.org · elaboración propia,True
2026-09-21,J9b6c30df71,Pier Giulio Farabbi,M,254,7,"Cifras reales de 72 torneos (padelearnings.com + padelfip.com), no una estimación genérica",padelearnings.com + padelfip.com + padelapi.org · elaboración propia,True
2026-09-21,J1e0f451df0,Jadeleen Lee,F,254,2,"Cifras reales de 72 torneos (padelearnings.com + padelfip.com), no una estimación genérica",padelearnings.com + padelfip.com + padelapi.org · elaboración propia,True
2026-09-21,Jced0550f96,Daniel Sardina Serrano,M,244,2,"Cifras reales de 72 torneos (padelearnings.com + padelfip.com), no una estimación genérica",padelearnings.com + padelfip.com + padelapi.org · elaboración propia,True
2026-09-21,Jb49854a82b,Micaela Para,F,244,5,"Cifras reales de 72 torneos (padelearnings.com + padelfip.com), no una estimación genérica",padelearnings.com + padelfip.com + padelapi.org · elaboración propia,True
2026-09-21,Jccb24e6b9f,Jessica Para,F,244,5,"Cifras reales de 72 torneos (padelearnings.com + padelfip.com), no una estimación genérica",padelearnings.com + padelfip.com + padelapi.org · elaboración propia,True
2026-09-21,J410b622ca6,Carmen Villar Gonzalez,F,244,5,"Cifras reales de 72 torneos (padelearnings.com + padelfip.com), no una estimación genérica",padelearnings.com + padelfip.com + padelapi.org · elaboración propia,True
2026-09-21,J3992297ad1,Samuel Martinez Soriano,M,244,2,"Cifras reales de 72 torneos (padelearnings.com + padelfip.com), no una estimación genérica",padelearnings.com + padelfip.com + padelapi.org · elaboración propia,True
2026-09-21,J86c49ebe51,Christos Doroclis Erics,M,244,2,"Cifras reales de 72 torneos (padelearnings.com + padelfip.com), no una estimación genérica",padelearnings.com + padelfip.com + padelapi.org · elaboración propia,True
2026-09-21,J22e56bf89b,Karin Marlies Lems,F,243,6,"Cifras reales de 72 torneos (padelearnings.com + padelfip.com), no una estimación genérica",padelearnings.com + padelfip.com + padelapi.org · elaboración propia,True
2026-09-21,Jb244a9777b,Jaime Perez Martin,M,243,4,"Cifras reales de 72 torneos (padelearnings.com + padelfip.com), no una estimación genérica",padelearnings.com + padelfip.com + padelapi.org · elaboración propia,True
2026-09-21,J1e9530ba96,Daniela Catarino,F,243,6,"Cifras reales de 72 torneos (padelearnings.com + padelfip.com), no una estimación genérica",padelearnings.com + padelfip.com + padelapi.org · elaboración propia,True
2026-09-21,J465fbe8809,Elena Martinez Brito,F,243,6,"Cifras reales de 72 torneos (padelearnings.com + padelfip.com), no una estimación genérica",padelearnings.com + padelfip.com + padelapi.org · elaboración propia,True
2026-09-21,J6189172727,Farsad Shahi,M,243,4,"Cifras reales de 72 torneos (padelearnings.com + padelfip.com), no una estimación genérica",padelearnings.com + padelfip.com + padelapi.org · elaboración propia,True
2026-09-21,J006e5feb0d,Sophia Horne Bang,F,243,2,"Cifras reales de 72 torneos (padelearnings.com + padelfip.com), no una estimación genérica",padelearnings.com + padelfip.com + padelapi.org · elaboración propia,True
2026-09-21,J5dcfc6cb59,Biljana Billie Gajic,F,243,2,"Cifras reales de 72 torneos (padelearnings.com + padelfip.com), no una estimación genérica",padelearnings.com + padelfip.com + padelapi.org · elaboración propia,True
2026-09-21,J39ab9b7995,Felicitas Darboure,F,243,2,"Cifras reales de 72 torneos (padelearnings.com + padelfip.com), no una estimación genérica",padelearnings.com + padelfip.com + padelapi.org · elaboración propia,True
2026-09-21,J7eea897a52,Mike Tanoso,M,243,2,"Cifras reales de 72 torneos (padelearnings.com + padelfip.com), no una estimación genérica",padelearnings.com + padelfip.com + padelapi.org · elaboración propia,True
2026-09-21,Jfa74d07777,Maria Leonor Araujo Teixeira,F,243,5,"Cifras reales de 72 torneos (padelearnings.com + padelfip.com), no una estimación genérica",padelearnings.com + padelfip.com + padelapi.org · elaboración propia,True
2026-09-21,J716e78e4a7,Yuanqin Du,M,243,2,"Cifras reales de 72 torneos (padelearnings.com + padelfip.com), no una estimación genérica",padelearnings.com + padelfip.com + padelapi.org · elaboración propia,True
2026-09-21,Jcc708e0da6,Xinjian Jiang,M,243,2,"Cifras reales de 72 torneos (padelearnings.com + padelfip.com), no una estimación genérica",padelearnings.com + padelfip.com + padelapi.org · elaboración propia,True
2026-09-21,J20e5dee2e2,Haoxuan He,M,243,2,"Cifras reales de 72 torneos (padelearnings.com + padelfip.com), no una estimación genérica",padelearnings.com + padelfip.com + padelapi.org · elaboración propia,True
2026-09-21,Jf67dad9d57,Beihang Fu,M,243,2,"Cifras reales de 72 torneos (padelearnings.com + padelfip.com), no una estimación genérica",padelearnings.com + padelfip.com + padelapi.org · elaboración propia,True
2026-09-21,Jab6cefc708,Ranran Zheng,F,243,2,"Cifras reales de 72 torneos (padelearnings.com + padelfip.com), no una estimación genérica",padelearnings.com + padelfip.com + padelapi.org · elaboración propia,True
2026-09-21,Jed42b295e6,Wu Wei,F,243,2,"Cifras reales de 72 torneos (padelearnings.com + padelfip.com), no una estimación genérica",padelearnings.com + padelfip.com + padelapi.org · elaboración propia,True
2026-09-21,J81c2484b74,Yixuan Wang,F,243,3,"Cifras reales de 72 torneos (padelearnings.com + padelfip.com), no una estimación genérica",padelearnings.com + padelfip.com + padelapi.org · elaboración propia,True
2026-09-21,J83a28c5f4c,Fei Fei Mao,F,243,2,"Cifras reales de 72 torneos (padelearnings.com + padelfip.com), no una estimación genérica",padelearnings.com + padelfip.com + padelapi.org · elaboración propia,True
2026-09-21,J9fae9de9d9,Yiru Wang,F,243,2,"Cifras reales de 72 torneos (padelearnings.com + padelfip.com), no una estimación genérica",padelearnings.com + padelfip.com + padelapi.org · elaboración propia,True
2026-09-21,Ja8c3c83918,Ai Liu,F,243,2,"Cifras reales de 72 torneos (padelearnings.com + padelfip.com), no una estimación genérica",padelearnings.com + padelfip.com + padelapi.org · elaboración propia,True
2026-09-21,Jd49b1519d6,Minghui Wu,F,243,3,"Cifras reales de 72 torneos (padelearnings.com + padelfip.com), no una estimación genérica",padelearnings.com + padelfip.com + padelapi.org · elaboración propia,True
2026-09-21,Jb711c7ff34,Saleh Sadry Salah,M,243,2,"Cifras reales de 72 torneos (padelearnings.com + padelfip.com), no una estimación genérica",padelearnings.com + padelfip.com + padelapi.org · elaboración propia,True
2026-09-21,J90eca692fd,Ibrahim Joel Tresor Ouédraogo,M,243,2,"Cifras reales de 72 torneos (padelearnings.com + padelfip.com), no una estimación genérica",padelearnings.com + padelfip.com + padelapi.org · elaboración propia,True
2026-09-21,Jab464c6b1d,Tinde Malick Souleyman,M,243,2,"Cifras reales de 72 torneos (padelearnings.com + padelfip.com), no una estimación genérica",padelearnings.com + padelfip.com + padelapi.org · elaboración propia,True
2026-09-21,J713611017a,Alina Yeroshenko,F,242,1,"Cifras reales de 72 torneos (padelearnings.com + padelfip.com), no una estimación genérica",padelearnings.com + padelfip.com + padelapi.org · elaboración propia,True
2026-09-21,J80c03988ec,Yuliya Hoske,F,242,1,"Cifras reales de 72 torneos (padelearnings.com + padelfip.com), no una estimación genérica",padelearnings.com + padelfip.com + padelapi.org · elaboración propia,True
2026-09-21,Jbab400dc77,Salvador Ferreira Nunes Foios Simões,M,242,5,"Cifras reales de 72 torneos (padelearnings.com + padelfip.com), no una estimación genérica",padelearnings.com + padelfip.com + padelapi.org · elaboración propia,True
2026-09-21,J9596f8a2a9,Carina Costa,F,242,6,"Cifras reales de 72 torneos (padelearnings.com + padelfip.com), no una estimación genérica",padelearnings.com + padelfip.com + padelapi.org · elaboración propia,True
2026-09-21,J7b154b4aa4,Varvara Popova,F,242,3,"Cifras reales de 72 torneos (padelearnings.com + padelfip.com), no una estimación genérica",padelearnings.com + padelfip.com + padelapi.org · elaboración propia,True
2026-09-21,J0357d4bc84,Chiali Chen,F,242,2,"Cifras reales de 72 torneos (padelearnings.com + padelfip.com), no una estimación genérica",padelearnings.com + padelfip.com + padelapi.org · elaboración propia,True
2026-09-21,J9535251d9a,Chiasheng Lai,F,242,2,"Cifras reales de 72 torneos (padelearnings.com + padelfip.com), no una estimación genérica",padelearnings.com + padelfip.com + padelapi.org · elaboración propia,True
2026-09-21,Jc24aeda3c0,Tatsiana Kazlova,F,242,2,"Cifras reales de 72 torneos (padelearnings.com + padelfip.com), no una estimación genérica",padelearnings.com + padelfip.com + padelapi.org · elaboración propia,True
2026-09-21,Jdecdf7b72f,Liudmila Makedonskaia,F,242,2,"Cifras reales de 72 torneos (padelearnings.com + padelfip.com), no una estimación genérica",padelearnings.com + padelfip.com + padelapi.org · elaboración propia,True
2026-09-21,J3a9a976003,Jihane Assaf,F,242,1,"Cifras reales de 72 torneos (padelearnings.com + padelfip.com), no una estimación genérica",padelearnings.com + padelfip.com + padelapi.org · elaboración propia,True
2026-09-21,J301a159698,Cathelineau Léna,F,242,1,"Cifras reales de 72 torneos (padelearnings.com + padelfip.com), no una estimación genérica",padelearnings.com + padelfip.com + padelapi.org · elaboración propia,True
2026-09-21,Jf1dcdaefa5,Maya Koltunoff,F,242,1,"Cifras reales de 72 torneos (padelearnings.com + padelfip.com), no una estimación genérica",padelearnings.com + padelfip.com + padelapi.org · elaboración propia,True
2026-09-21,Jc3163378ff,Luis Ortega Perez,M,242,1,"Cifras reales de 72 torneos (padelearnings.com + padelfip.com), no una estimación genérica",padelearnings.com + padelfip.com + padelapi.org · elaboración propia,True
2026-09-21,Je8778b243a,Fakhry Wael,M,242,1,"Cifras reales de 72 torneos (padelearnings.com + padelfip.com), no una estimación genérica",padelearnings.com + padelfip.com + padelapi.org · elaboración propia,True
2026-09-21,J3e5426b4be,Victor Lethuilier,M,242,2,"Cifras reales de 72 torneos (padelearnings.com + padelfip.com), no una estimación genérica",padelearnings.com + padelfip.com + padelapi.org · elaboración propia,True
2026-09-21,Jd15f60f0d6,Valentin Durand,M,242,2,"Cifras reales de 72 torneos (padelearnings.com + padelfip.com), no una estimación genérica",padelearnings.com + padelfip.com + padelapi.org · elaboración propia,True
2026-09-21,J1f8f88eac9,Nael Ghaddar,M,242,1,"Cifras reales de 72 torneos (padelearnings.com + padelfip.com), no una estimación genérica",padelearnings.com + padelfip.com + padelapi.org · elaboración propia,True
2026-09-21,J5f7fa13feb,Mohamed Khalaf,M,242,2,"Cifras reales de 72 torneos (padelearnings.com + padelfip.com), no una estimación genérica",padelearnings.com + padelfip.com + padelapi.org · elaboración propia,True
2026-09-21,J8d9b264ad1,Hallak Hussein,M,242,2,"Cifras reales de 72 torneos (padelearnings.com + padelfip.com), no una estimación genérica",padelearnings.com + padelfip.com + padelapi.org · elaboración propia,True
2026-09-21,J3b4783807d,Yiyun Chai,F,242,1,"Cifras reales de 72 torneos (padelearnings.com + padelfip.com), no una estimación genérica",padelearnings.com + padelfip.com + padelapi.org · elaboración propia,True
2026-09-21,J5f7309fd98,Lydia Silvan Ramiro,F,242,3,"Cifras reales de 72 torneos (padelearnings.com + padelfip.com), no una estimación genérica",padelearnings.com + padelfip.com + padelapi.org · elaboración propia,True
2026-09-21,J25b20f6ac1,Veronika Kuzmuk,F,242,1,"Cifras reales de 72 torneos (padelearnings.com + padelfip.com), no una estimación genérica",padelearnings.com + padelfip.com + padelapi.org · elaboración propia,True
2026-09-21,J2493df7869,Maria Sysoeva,F,242,1,"Cifras reales de 72 torneos (padelearnings.com + padelfip.com), no una estimación genérica",padelearnings.com + padelfip.com + padelapi.org · elaboración propia,True
2026-09-21,J749f6dd596,Mariya Sinitsyna,F,242,1,"Cifras reales de 72 torneos (padelearnings.com + padelfip.com), no una estimación genérica",padelearnings.com + padelfip.com + padelapi.org · elaboración propia,True
2026-09-21,J061c868d42,Dmitry Myagkov,M,242,1,"Cifras reales de 72 torneos (padelearnings.com + padelfip.com), no una estimación genérica",padelearnings.com + padelfip.com + padelapi.org · elaboración propia,True
2026-09-21,J15db767814,Yevgeniy Danilov,M,242,1,"Cifras reales de 72 torneos (padelearnings.com + padelfip.com), no una estimación genérica",padelearnings.com + padelfip.com + padelapi.org · elaboración propia,True
2026-09-21,J5a534335b2,Joaquin Mazzeo Rubi,M,242,1,"Cifras reales de 72 torneos (padelearnings.com + padelfip.com), no una estimación genérica",padelearnings.com + padelfip.com + padelapi.org · elaboración propia,True
2026-09-21,J4ed38d0692,Matteo Maria Sperati,M,226,7,"Cifras reales de 72 torneos (padelearnings.com + padelfip.com), no una estimación genérica",padelearnings.com + padelfip.com + padelapi.org · elaboración propia,True
2026-09-21,J87816bf2ec,Alex Tur Checa,M,226,1,"Cifras reales de 72 torneos (padelearnings.com + padelfip.com), no una estimación genérica",padelearnings.com + padelfip.com + padelapi.org · elaboración propia,True
2026-09-21,J7b2fb155b1,Gerardo Tafich Romo,M,215,3,"Cifras reales de 72 torneos (padelearnings.com + padelfip.com), no una estimación genérica",padelearnings.com + padelfip.com + padelapi.org · elaboración propia,True
2026-09-21,Jc9c16c371b,Santino Nicocia,M,215,6,"Cifras reales de 72 torneos (padelearnings.com + padelfip.com), no una estimación genérica",padelearnings.com + padelfip.com + padelapi.org · elaboración propia,True
2026-09-21,Je0b25eccd4,Vivien Silfany,F,215,2,"Cifras reales de 72 torneos (padelearnings.com + padelfip.com), no una estimación genérica",padelearnings.com + padelfip.com + padelapi.org · elaboración propia,True
2026-09-21,J44b7ab0126,Imran Danill Van Dijk,M,215,2,"Cifras reales de 72 torneos (padelearnings.com + padelfip.com), no una estimación genérica",padelearnings.com + padelfip.com + padelapi.org · elaboración propia,True
2026-09-21,Jbc2e295492,Matteo Mancini,M,215,3,"Cifras reales de 72 torneos (padelearnings.com + padelfip.com), no una estimación genérica",padelearnings.com + padelfip.com + padelapi.org · elaboración propia,True
2026-09-21,J16ff487b27,Valentina Mago,F,215,2,"Cifras reales de 72 torneos (padelearnings.com + padelfip.com), no una estimación genérica",padelearnings.com + padelfip.com + padelapi.org · elaboración propia,True
2026-09-21,Jff6ddca9f7,Ginevra Mariapia Abramo,F,215,2,"Cifras reales de 72 torneos (padelearnings.com + padelfip.com), no una estimación genérica",padelearnings.com + padelfip.com + padelapi.org · elaboración propia,True
2026-09-21,J00201512da,Rodrigo Manrique Nuño,M,215,2,"Cifras reales de 72 torneos (padelearnings.com + padelfip.com), no una estimación genérica",padelearnings.com + padelfip.com + padelapi.org · elaboración propia,True
2026-09-21,J6e94b45d99,Larissa Lim,F,215,3,"Cifras reales de 72 torneos (padelearnings.com + padelfip.com), no una estimación genérica",padelearnings.com + padelfip.com + padelapi.org · elaboración propia,True
2026-09-21,J64129479cb,Lucia Micaela Fernandez Lopez,F,215,2,"Cifras reales de 72 torneos (padelearnings.com + padelfip.com), no una estimación genérica",padelearnings.com + padelfip.com + padelapi.org · elaboración propia,True
2026-09-21,J14ca681a23,Amilcar Gaston Bejarano,M,211,2,"Cifras reales de 72 torneos (padelearnings.com + padelfip.com), no una estimación genérica",padelearnings.com + padelfip.com + padelapi.org · elaboración propia,True
2026-09-21,Jbbed0a2959,Silvia Trassinelli,F,211,1,"Cifras reales de 72 torneos (padelearnings.com + padelfip.com), no una estimación genérica",padelearnings.com + padelfip.com + padelapi.org · elaboración propia,True
2026-09-21,Jcdeacb723e,Adrian Allemandi,M,211,1,"Cifras reales de 72 torneos (padelearnings.com + padelfip.com), no una estimación genérica",padelearnings.com + padelfip.com + padelapi.org · elaboración propia,True
2026-09-21,J75b52547a6,Leon David Ruiz Shannon,M,211,3,"Cifras reales de 72 torneos (padelearnings.com + padelfip.com), no una estimación genérica",padelearnings.com + padelfip.com + padelapi.org · elaboración propia,True
2026-09-21,J3ae01b0533,Alessia Perrone,F,211,1,"Cifras reales de 72 torneos (padelearnings.com + padelfip.com), no una estimación genérica",padelearnings.com + padelfip.com + padelapi.org · elaboración propia,True
2026-09-21,J54ab40f2d1,Letizia Dellagnese,F,211,2,"Cifras reales de 72 torneos (padelearnings.com + padelfip.com), no una estimación genérica",padelearnings.com + padelfip.com + padelapi.org · elaboración propia,True
2026-09-21,Je8033efaba,Tomas Posse,M,211,1,"Cifras reales de 72 torneos (padelearnings.com + padelfip.com), no una estimación genérica",padelearnings.com + padelfip.com + padelapi.org · elaboración propia,True
2026-09-21,J77f4b67278,Nino Zweers,M,204,3,"Cifras reales de 72 torneos (padelearnings.com + padelfip.com), no una estimación genérica",padelearnings.com + padelfip.com + padelapi.org · elaboración propia,True
2026-09-21,J3deb4c7598,Isak William Bäckman,M,204,4,"Cifras reales de 72 torneos (padelearnings.com + padelfip.com), no una estimación genérica",padelearnings.com + padelfip.com + padelapi.org · elaboración propia,True
2026-09-21,Ja172aa846f,Victor Forsberg,M,204,4,"Cifras reales de 72 torneos (padelearnings.com + padelfip.com), no una estimación genérica",padelearnings.com + padelfip.com + padelapi.org · elaboración propia,True
2026-09-21,Je8f151565c,Nuria Molina Sanchez,F,204,2,"Cifras reales de 72 torneos (padelearnings.com + padelfip.com), no una estimación genérica",padelearnings.com + padelfip.com + padelapi.org · elaboración propia,True
2026-09-21,Jed298814bd,Nanou Vereertbrugghen,F,204,2,"Cifras reales de 72 torneos (padelearnings.com + padelfip.com), no una estimación genérica",padelearnings.com + padelfip.com + padelapi.org · elaboración propia,True
2026-09-21,Ja33932413f,Rune Vierendeels,F,204,2,"Cifras reales de 72 torneos (padelearnings.com + padelfip.com), no una estimación genérica",padelearnings.com + padelfip.com + padelapi.org · elaboración propia,True
2026-09-21,J75372d31f4,Maxime Deloyer,M,204,5,"Cifras reales de 72 torneos (padelearnings.com + padelfip.com), no una estimación genérica",padelearnings.com + padelfip.com + padelapi.org · elaboración propia,True
2026-09-21,J5c83a6e1f5,Nathan Lambrechts,M,204,9,"Cifras reales de 72 torneos (padelearnings.com + padelfip.com), no una estimación genérica",padelearnings.com + padelfip.com + padelapi.org · elaboración propia,True
2026-09-21,J87463ac8db,Alfonso Diaz Ponce,M,204,4,"Cifras reales de 72 torneos (padelearnings.com + padelfip.com), no una estimación genérica",padelearnings.com + padelfip.com + padelapi.org · elaboración propia,True
2026-09-21,Jba9a5e966c,Teresa Casero De La Casa,F,204,2,"Cifras reales de 72 torneos (padelearnings.com + padelfip.com), no una estimación genérica",padelearnings.com + padelfip.com + padelapi.org · elaboración propia,True
2026-09-21,J63202a9a38,Jake Bewley,M,204,6,"Cifras reales de 72 torneos (padelearnings.com + padelfip.com), no una estimación genérica",padelearnings.com + padelfip.com + padelapi.org · elaboración propia,True
2026-09-21,J78d3c616b4,Laura Battistini,F,204,2,"Cifras reales de 72 torneos (padelearnings.com + padelfip.com), no una estimación genérica",padelearnings.com + padelfip.com + padelapi.org · elaboración propia,True
2026-09-21,J8ad01c8074,Erika Di Muzio,F,204,3,"Cifras reales de 72 torneos (padelearnings.com + padelfip.com), no una estimación genérica",padelearnings.com + padelfip.com + padelapi.org · elaboración propia,True
2026-09-21,J6073a011db,Sofia Piaskowy Santos,F,204,3,"Cifras reales de 72 torneos (padelearnings.com + padelfip.com), no una estimación genérica",padelearnings.com + padelfip.com + padelapi.org · elaboración propia,True
2026-09-21,J456613b112,Henrik Aarnio,M,204,2,"Cifras reales de 72 torneos (padelearnings.com + padelfip.com), no una estimación genérica",padelearnings.com + padelfip.com + padelapi.org · elaboración propia,True
2026-09-21,J8593168e6f,Janne Wuorinen,M,204,2,"Cifras reales de 72 torneos (padelearnings.com + padelfip.com), no una estimación genérica",padelearnings.com + padelfip.com + padelapi.org · elaboración propia,True
2026-09-21,J580db364fa,Theodore Garton,M,204,7,"Cifras reales de 72 torneos (padelearnings.com + padelfip.com), no una estimación genérica",padelearnings.com + padelfip.com + padelapi.org · elaboración propia,True
2026-09-21,Jfaab6df49f,Joa Takala,M,204,3,"Cifras reales de 72 torneos (padelearnings.com + padelfip.com), no una estimación genérica",padelearnings.com + padelfip.com + padelapi.org · elaboración propia,True
2026-09-21,Je0812fe252,Bryan Husin,M,204,2,"Cifras reales de 72 torneos (padelearnings.com + padelfip.com), no una estimación genérica",padelearnings.com + padelfip.com + padelapi.org · elaboración propia,True
2026-09-21,Je4da71a17e,Marta Eugenio Barrera,F,204,3,"Cifras reales de 72 torneos (padelearnings.com + padelfip.com), no una estimación genérica",padelearnings.com + padelfip.com + padelapi.org · elaboración propia,True
2026-09-21,J1b9c3b2187,Ruben Fernandez Sansano,M,204,2,"Cifras reales de 72 torneos (padelearnings.com + padelfip.com), no una estimación genérica",padelearnings.com + padelfip.com + padelapi.org · elaboración propia,True
2026-09-21,Ja0c24b806f,Jorge Angles Ponce,M,204,3,"Cifras reales de 72 torneos (padelearnings.com + padelfip.com), no una estimación genérica",padelearnings.com + padelfip.com + padelapi.org · elaboración propia,True
2026-09-21,J28f61e10de,Erika Mesa Martinez,F,204,2,"Cifras reales de 72 torneos (padelearnings.com + padelfip.com), no una estimación genérica",padelearnings.com + padelfip.com + padelapi.org · elaboración propia,True
2026-09-21,J3b0ce952ff,Daniel Beneyto Sanchez,M,204,3,"Cifras reales de 72 torneos (padelearnings.com + padelfip.com), no una estimación genérica",padelearnings.com + padelfip.com + padelapi.org · elaboración propia,True
2026-09-21,Jf449a1f1ce,Adrian Maria Miranda,M,204,2,"Cifras reales de 72 torneos (padelearnings.com + padelfip.com), no una estimación genérica",padelearnings.com + padelfip.com + padelapi.org · elaboración propia,True
2026-09-21,J1820cba97e,Higor Ensslin Alves,M,204,2,"Cifras reales de 72 torneos (padelearnings.com + padelfip.com), no una estimación genérica",padelearnings.com + padelfip.com + padelapi.org · elaboración propia,True
2026-09-21,J0471b5a9c1,Theo Bernardo Dos Santos,M,204,2,"Cifras reales de 72 torneos (padelearnings.com + padelfip.com), no una estimación genérica",padelearnings.com + padelfip.com + padelapi.org · elaboración propia,True
2026-09-21,J2ba60d2d6c,Lucas Fernandes,M,204,3,"Cifras reales de 72 torneos (padelearnings.com + padelfip.com), no una estimación genérica",padelearnings.com + padelfip.com + padelapi.org · elaboración propia,True
2026-09-21,J011cd377be,Abby Ombler-Truran,F,204,2,"Cifras reales de 72 torneos (padelearnings.com + padelfip.com), no una estimación genérica",padelearnings.com + padelfip.com + padelapi.org · elaboración propia,True
2026-09-21,J80dd42139f,Ainhoa Rico Martin,F,204,2,"Cifras reales de 72 torneos (padelearnings.com + padelfip.com), no una estimación genérica",padelearnings.com + padelfip.com + padelapi.org · elaboración propia,True
2026-09-21,Jc628479ed1,Amy Flynn,F,204,2,"Cifras reales de 72 torneos (padelearnings.com + padelfip.com), no una estimación genérica",padelearnings.com + padelfip.com + padelapi.org · elaboración propia,True
2026-09-21,Jeaf53de122,Alexander Loughlan,M,204,4,"Cifras reales de 72 torneos (padelearnings.com + padelfip.com), no una estimación genérica",padelearnings.com + padelfip.com + padelapi.org · elaboración propia,True
2026-09-21,J018348be42,Chris Salisbury,M,204,3,"Cifras reales de 72 torneos (padelearnings.com + padelfip.com), no una estimación genérica",padelearnings.com + padelfip.com + padelapi.org · elaboración propia,True
2026-09-21,Jfbdefaa4e7,Pierre Perez Le Tiec,M,204,4,"Cifras reales de 72 torneos (padelearnings.com + padelfip.com), no una estimación genérica",padelearnings.com + padelfip.com + padelapi.org · elaboración propia,True
2026-09-21,Jf3dd56a766,Sirui He,F,204,2,"Cifras reales de 72 torneos (padelearnings.com + padelfip.com), no una estimación genérica",padelearnings.com + padelfip.com + padelapi.org · elaboración propia,True
2026-09-21,Ja2110a062d,Nicolas Rouanet,M,204,3,"Cifras reales de 72 torneos (padelearnings.com + padelfip.com), no una estimación genérica",padelearnings.com + padelfip.com + padelapi.org · elaboración propia,True
2026-09-21,J2700656c06,Guillermo Vera Cebollero,M,190,3,"Cifras reales de 72 torneos (padelearnings.com + padelfip.com), no una estimación genérica",padelearnings.com + padelfip.com + padelapi.org · elaboración propia,True
2026-09-21,J0c34f8d797,Alberto Lastortres Mancilla,M,190,3,"Cifras reales de 72 torneos (padelearnings.com + padelfip.com), no una estimación genérica",padelearnings.com + padelfip.com + padelapi.org · elaboración propia,True
2026-09-21,Jc5a332a0cc,Hugo Jimenez Reina,M,190,2,"Cifras reales de 72 torneos (padelearnings.com + padelfip.com), no una estimación genérica",padelearnings.com + padelfip.com + padelapi.org · elaboración propia,True
2026-09-21,Je6e571a00e,Bastien Blanque,M,190,3,"Cifras reales de 72 torneos (padelearnings.com + padelfip.com), no una estimación genérica",padelearnings.com + padelfip.com + padelapi.org · elaboración propia,True
2026-09-21,J053310ad21,Diana Martinez,F,190,1,"Cifras reales de 72 torneos (padelearnings.com + padelfip.com), no una estimación genérica",padelearnings.com + padelfip.com + padelapi.org · elaboración propia,True
2026-09-21,J7b3a1d70db,Karla Ramirez,F,190,1,"Cifras reales de 72 torneos (padelearnings.com + padelfip.com), no una estimación genérica",padelearnings.com + padelfip.com + padelapi.org · elaboración propia,True
2026-09-21,J0c75d5fe3b,Alise Cernecka,F,190,3,"Cifras reales de 72 torneos (padelearnings.com + padelfip.com), no una estimación genérica",padelearnings.com + padelfip.com + padelapi.org · elaboración propia,True
2026-09-21,Jce0532d1a9,Alessandro Ferrero,M,190,2,"Cifras reales de 72 torneos (padelearnings.com + padelfip.com), no una estimación genérica",padelearnings.com + padelfip.com + padelapi.org · elaboración propia,True
2026-09-21,J14cbf82db9,Arturo Miguel Hernando Nuñez,M,190,1,"Cifras reales de 72 torneos (padelearnings.com + padelfip.com), no una estimación genérica",padelearnings.com + padelfip.com + padelapi.org · elaboración propia,True
2026-09-21,J8d78f055f1,Juan Carlos Gama Gonzalez,M,190,1,"Cifras reales de 72 torneos (padelearnings.com + padelfip.com), no una estimación genérica",padelearnings.com + padelfip.com + padelapi.org · elaboración propia,True
2026-09-21,J3912ebc737,Feity Lesmana,F,190,2,"Cifras reales de 72 torneos (padelearnings.com + padelfip.com), no una estimación genérica",padelearnings.com + padelfip.com + padelapi.org · elaboración propia,True
2026-09-21,Je0bbcf4914,Javier Lopez Parra,M,190,1,"Cifras reales de 72 torneos (padelearnings.com + padelfip.com), no una estimación genérica",padelearnings.com + padelfip.com + padelapi.org · elaboración propia,True
2026-09-21,J5d9d548646,Alice Keddie,F,190,2,"Cifras reales de 72 torneos (padelearnings.com + padelfip.com), no una estimación genérica",padelearnings.com + padelfip.com + padelapi.org · elaboración propia,True
2026-09-21,J49062470ea,Joao Pedro Flores,M,190,1,"Cifras reales de 72 torneos (padelearnings.com + padelfip.com), no una estimación genérica",padelearnings.com + padelfip.com + padelapi.org · elaboración propia,True
2026-09-21,Je4aff82e34,Stefano Palma Flores,M,190,1,"Cifras reales de 72 torneos (padelearnings.com + padelfip.com), no una estimación genérica",padelearnings.com + padelfip.com + padelapi.org · elaboración propia,True
2026-09-21,Je9299386dd,Agustin Esteban Silva,M,190,2,"Cifras reales de 72 torneos (padelearnings.com + padelfip.com), no una estimación genérica",padelearnings.com + padelfip.com + padelapi.org · elaboración propia,True
2026-09-21,J2775f5c3a1,Marjorie Croke,F,190,2,"Cifras reales de 72 torneos (padelearnings.com + padelfip.com), no una estimación genérica",padelearnings.com + padelfip.com + padelapi.org · elaboración propia,True
2026-09-21,Jb51f6c241d,Moya Ryan,F,190,2,"Cifras reales de 72 torneos (padelearnings.com + padelfip.com), no una estimación genérica",padelearnings.com + padelfip.com + padelapi.org · elaboración propia,True
2026-09-21,J89359adfd8,Diego Nino,M,190,1,"Cifras reales de 72 torneos (padelearnings.com + padelfip.com), no una estimación genérica",padelearnings.com + padelfip.com + padelapi.org · elaboración propia,True
2026-09-21,Jfefa4855a0,Daniel Nino,M,190,1,"Cifras reales de 72 torneos (padelearnings.com + padelfip.com), no una estimación genérica",padelearnings.com + padelfip.com + padelapi.org · elaboración propia,True
2026-09-21,J95fd49f63f,Shungo Kusakabe,M,190,2,"Cifras reales de 72 torneos (padelearnings.com + padelfip.com), no una estimación genérica",padelearnings.com + padelfip.com + padelapi.org · elaboración propia,True
2026-09-21,Jbf770ada05,Jaime Gonzalez Diaz,M,190,1,"Cifras reales de 72 torneos (padelearnings.com + padelfip.com), no una estimación genérica",padelearnings.com + padelfip.com + padelapi.org · elaboración propia,True
2026-09-21,J9b16b3fe5e,Alberto Bagarello,M,190,2,"Cifras reales de 72 torneos (padelearnings.com + padelfip.com), no una estimación genérica",padelearnings.com + padelfip.com + padelapi.org · elaboración propia,True
2026-09-21,J47cbe8fec2,Simone Alipieva,F,190,1,"Cifras reales de 72 torneos (padelearnings.com + padelfip.com), no una estimación genérica",padelearnings.com + padelfip.com + padelapi.org · elaboración propia,True
2026-09-21,J9928981248,Baharak Soleymani,F,190,1,"Cifras reales de 72 torneos (padelearnings.com + padelfip.com), no una estimación genérica",padelearnings.com + padelfip.com + padelapi.org · elaboración propia,True
2026-09-21,Jd9f9b36701,Amanda Girdo,F,190,1,"Cifras reales de 72 torneos (padelearnings.com + padelfip.com), no una estimación genérica",padelearnings.com + padelfip.com + padelapi.org · elaboración propia,True
2026-09-21,Je944910f0f,Linnea Björk,F,190,1,"Cifras reales de 72 torneos (padelearnings.com + padelfip.com), no una estimación genérica",padelearnings.com + padelfip.com + padelapi.org · elaboración propia,True
2026-09-21,J3d40d9a05a,Karolina Balog,F,190,1,"Cifras reales de 72 torneos (padelearnings.com + padelfip.com), no una estimación genérica",padelearnings.com + padelfip.com + padelapi.org · elaboración propia,True
2026-09-21,J536d80279e,Charlotte Soubrie,F,190,1,"Cifras reales de 72 torneos (padelearnings.com + padelfip.com), no una estimación genérica",padelearnings.com + padelfip.com + padelapi.org · elaboración propia,True
2026-09-21,J105b54cadf,Ethan Bardo,M,190,1,"Cifras reales de 72 torneos (padelearnings.com + padelfip.com), no una estimación genérica",padelearnings.com + padelfip.com + padelapi.org · elaboración propia,True
2026-09-21,J9676786d44,Lyra Lik,F,190,1,"Cifras reales de 72 torneos (padelearnings.com + padelfip.com), no una estimación genérica",padelearnings.com + padelfip.com + padelapi.org · elaboración propia,True
2026-09-21,Je663d42187,En Wong,F,190,1,"Cifras reales de 72 torneos (padelearnings.com + padelfip.com), no una estimación genérica",padelearnings.com + padelfip.com + padelapi.org · elaboración propia,True
2026-09-21,J790ae3c196,Lilia Salhab,F,190,1,"Cifras reales de 72 torneos (padelearnings.com + padelfip.com), no una estimación genérica",padelearnings.com + padelfip.com + padelapi.org · elaboración propia,True
2026-09-21,Jb4cf1b48f5,Henrique Brazao,M,170,5,"Cifras reales de 72 torneos (padelearnings.com + padelfip.com), no una estimación genérica",padelearnings.com + padelfip.com + padelapi.org · elaboración propia,True
2026-09-21,Jf54b2ad903,Carolina Martinho Santos,F,170,5,"Cifras reales de 72 torneos (padelearnings.com + padelfip.com), no una estimación genérica",padelearnings.com + padelfip.com + padelapi.org · elaboración propia,True
2026-09-21,J38ddb6c071,Carlota Sanchez Gonzalez,F,170,2,"Cifras reales de 72 torneos (padelearnings.com + padelfip.com), no una estimación genérica",padelearnings.com + padelfip.com + padelapi.org · elaboración propia,True
2026-09-21,J860c1e7773,Lucas Allemandi,M,170,5,"Cifras reales de 72 torneos (padelearnings.com + padelfip.com), no una estimación genérica",padelearnings.com + padelfip.com + padelapi.org · elaboración propia,True
2026-09-21,J0d3385ff7f,Laura Solà Grau,F,170,3,"Cifras reales de 72 torneos (padelearnings.com + padelfip.com), no una estimación genérica",padelearnings.com + padelfip.com + padelapi.org · elaboración propia,True
2026-09-21,Jf3d304235f,Aina Porta Falguera,F,170,1,"Cifras reales de 72 torneos (padelearnings.com + padelfip.com), no una estimación genérica",padelearnings.com + padelfip.com + padelapi.org · elaboración propia,True
2026-09-21,Jb1564582da,Maria Castro Quevedo Pereira,F,170,4,"Cifras reales de 72 torneos (padelearnings.com + padelfip.com), no una estimación genérica",padelearnings.com + padelfip.com + padelapi.org · elaboración propia,True
2026-09-21,J1443c95144,Nada Majdoubi,F,170,1,"Cifras reales de 72 torneos (padelearnings.com + padelfip.com), no una estimación genérica",padelearnings.com + padelfip.com + padelapi.org · elaboración propia,True
2026-09-21,Ja9002cb72b,Victor Ortega Garcia,M,170,2,"Cifras reales de 72 torneos (padelearnings.com + padelfip.com), no una estimación genérica",padelearnings.com + padelfip.com + padelapi.org · elaboración propia,True
2026-09-21,Jefca03e801,Javier Merino Nieto,M,170,2,"Cifras reales de 72 torneos (padelearnings.com + padelfip.com), no una estimación genérica",padelearnings.com + padelfip.com + padelapi.org · elaboración propia,True
2026-09-21,J37027b462b,Clement Filho,M,170,2,"Cifras reales de 72 torneos (padelearnings.com + padelfip.com), no una estimación genérica",padelearnings.com + padelfip.com + padelapi.org · elaboración propia,True
2026-09-21,J04439b6f11,Luis Facundo Sayes,M,169,3,"Cifras reales de 72 torneos (padelearnings.com + padelfip.com), no una estimación genérica",padelearnings.com + padelfip.com + padelapi.org · elaboración propia,True
2026-09-21,Jed79fb136e,Lucas Franco Rodriguez,M,169,3,"Cifras reales de 72 torneos (padelearnings.com + padelfip.com), no una estimación genérica",padelearnings.com + padelfip.com + padelapi.org · elaboración propia,True
2026-09-21,J4e51e9e10e,Matías Ezequiel Torres,M,169,2,"Cifras reales de 72 torneos (padelearnings.com + padelfip.com), no una estimación genérica",padelearnings.com + padelfip.com + padelapi.org · elaboración propia,True
2026-09-21,Jaff4d51ffc,Santiago Castro Recio,M,169,3,"Cifras reales de 72 torneos (padelearnings.com + padelfip.com), no una estimación genérica",padelearnings.com + padelfip.com + padelapi.org · elaboración propia,True
2026-09-21,Jb97fe245b6,Jose Pablo Garza De La Peña,M,169,3,"Cifras reales de 72 torneos (padelearnings.com + padelfip.com), no una estimación genérica",padelearnings.com + padelfip.com + padelapi.org · elaboración propia,True
2026-09-21,J46776f6e05,Pablo Nicolas Silberman,M,169,2,"Cifras reales de 72 torneos (padelearnings.com + padelfip.com), no una estimación genérica",padelearnings.com + padelfip.com + padelapi.org · elaboración propia,True
2026-09-21,J6d6c9c3c36,Marcos Alejo Mardones,M,169,2,"Cifras reales de 72 torneos (padelearnings.com + padelfip.com), no una estimación genérica",padelearnings.com + padelfip.com + padelapi.org · elaboración propia,True
2026-09-21,J7583ca805f,Hugo Martinez Toral,M,169,2,"Cifras reales de 72 torneos (padelearnings.com + padelfip.com), no una estimación genérica",padelearnings.com + padelfip.com + padelapi.org · elaboración propia,True
2026-09-21,Jb43d6b5623,Jose Alban Paz De La Llave,M,169,3,"Cifras reales de 72 torneos (padelearnings.com + padelfip.com), no una estimación genérica",padelearnings.com + padelfip.com + padelapi.org · elaboración propia,True
2026-09-21,J3357ec309f,Jose Angel Montoya,M,169,2,"Cifras reales de 72 torneos (padelearnings.com + padelfip.com), no una estimación genérica",padelearnings.com + padelfip.com + padelapi.org · elaboración propia,True
2026-09-21,J8aa1fe76ed,Santino Cordoba Torres,M,169,2,"Cifras reales de 72 torneos (padelearnings.com + padelfip.com), no una estimación genérica",padelearnings.com + padelfip.com + padelapi.org · elaboración propia,True
2026-09-21,J9ee8b1116b,Abraham Muñoz Zurita,M,142,3,"Cifras reales de 72 torneos (padelearnings.com + padelfip.com), no una estimación genérica",padelearnings.com + padelfip.com + padelapi.org · elaboración propia,True
2026-09-21,Jfbc92aec1f,Iker Zamora Garcia,M,142,1,"Cifras reales de 72 torneos (padelearnings.com + padelfip.com), no una estimación genérica",padelearnings.com + padelfip.com + padelapi.org · elaboración propia,True
2026-09-21,J754833a4b8,Martim Solano,M,142,5,"Cifras reales de 72 torneos (padelearnings.com + padelfip.com), no una estimación genérica",padelearnings.com + padelfip.com + padelapi.org · elaboración propia,True
2026-09-21,Jfce70450e4,Diogo Alves,M,142,2,"Cifras reales de 72 torneos (padelearnings.com + padelfip.com), no una estimación genérica",padelearnings.com + padelfip.com + padelapi.org · elaboración propia,True
2026-09-21,J73aae451ee,Valentin Sanchez Suarez,M,142,1,"Cifras reales de 72 torneos (padelearnings.com + padelfip.com), no una estimación genérica",padelearnings.com + padelfip.com + padelapi.org · elaboración propia,True
2026-09-21,J1a058e9cb4,Tiago Valério,M,142,5,"Cifras reales de 72 torneos (padelearnings.com + padelfip.com), no una estimación genérica",padelearnings.com + padelfip.com + padelapi.org · elaboración propia,True
2026-09-21,J7e918a20c7,Juan Carlos Gutierrez Guerrero,M,142,3,"Cifras reales de 72 torneos (padelearnings.com + padelfip.com), no una estimación genérica",padelearnings.com + padelfip.com + padelapi.org · elaboración propia,True
2026-09-21,Jba2a648a51,Adrian Molina Lopez,M,142,6,"Cifras reales de 72 torneos (padelearnings.com + padelfip.com), no una estimación genérica",padelearnings.com + padelfip.com + padelapi.org · elaboración propia,True
2026-09-21,J08b802f0f6,Alvaro Bartolome Hernan,M,142,3,"Cifras reales de 72 torneos (padelearnings.com + padelfip.com), no una estimación genérica",padelearnings.com + padelfip.com + padelapi.org · elaboración propia,True
2026-09-21,J46a7ff086a,Morena Nicole Suarez,F,142,4,"Cifras reales de 72 torneos (padelearnings.com + padelfip.com), no una estimación genérica",padelearnings.com + padelfip.com + padelapi.org · elaboración propia,True
2026-09-21,J2f4644e1cd,Caetana Cunha Girbal,F,142,4,"Cifras reales de 72 torneos (padelearnings.com + padelfip.com), no una estimación genérica",padelearnings.com + padelfip.com + padelapi.org · elaboración propia,True
2026-09-21,J6a21c988c0,Carlota Pais,F,142,2,"Cifras reales de 72 torneos (padelearnings.com + padelfip.com), no una estimación genérica",padelearnings.com + padelfip.com + padelapi.org · elaboración propia,True
2026-09-21,Jc43922d73d,Llum Martorell Gruwez,F,142,2,"Cifras reales de 72 torneos (padelearnings.com + padelfip.com), no una estimación genérica",padelearnings.com + padelfip.com + padelapi.org · elaboración propia,True
2026-09-21,J522c9dab4b,Valeria Garcia Martinez,F,142,2,"Cifras reales de 72 torneos (padelearnings.com + padelfip.com), no una estimación genérica",padelearnings.com + padelfip.com + padelapi.org · elaboración propia,True
2026-09-21,J99e44a53de,Carlota Lamas Rodriguez,F,142,1,"Cifras reales de 72 torneos (padelearnings.com + padelfip.com), no una estimación genérica",padelearnings.com + padelfip.com + padelapi.org · elaboración propia,True
2026-09-21,J3bcd7269ed,Alexis Coulombeau,M,142,2,"Cifras reales de 72 torneos (padelearnings.com + padelfip.com), no una estimación genérica",padelearnings.com + padelfip.com + padelapi.org · elaboración propia,True
2026-09-21,Jda98bcd229,Zar Lasahido,M,142,2,"Cifras reales de 72 torneos (padelearnings.com + padelfip.com), no una estimación genérica",padelearnings.com + padelfip.com + padelapi.org · elaboración propia,True
2026-09-21,Jd3d9077c53,Valentino Acosta Kremnitzer,M,142,2,"Cifras reales de 72 torneos (padelearnings.com + padelfip.com), no una estimación genérica",padelearnings.com + padelfip.com + padelapi.org · elaboración propia,True
2026-09-21,Jec91841889,Sergi Nogueras Lorenz,M,142,2,"Cifras reales de 72 torneos (padelearnings.com + padelfip.com), no una estimación genérica",padelearnings.com + padelfip.com + padelapi.org · elaboración propia,True
2026-09-21,Jc8b3f82011,Johan Peloux Marchini,M,142,3,"Cifras reales de 72 torneos (padelearnings.com + padelfip.com), no una estimación genérica",padelearnings.com + padelfip.com + padelapi.org · elaboración propia,True
2026-09-21,J003286759c,Alba Zanon Bodi,F,142,1,"Cifras reales de 72 torneos (padelearnings.com + padelfip.com), no una estimación genérica",padelearnings.com + padelfip.com + padelapi.org · elaboración propia,True
2026-09-21,J7911e9155b,Julieta Abregu,F,142,1,"Cifras reales de 72 torneos (padelearnings.com + padelfip.com), no una estimación genérica",padelearnings.com + padelfip.com + padelapi.org · elaboración propia,True
2026-09-21,Jb9f7519acb,Ariadna Santana Trujillo,F,142,1,"Cifras reales de 72 torneos (padelearnings.com + padelfip.com), no una estimación genérica",padelearnings.com + padelfip.com + padelapi.org · elaboración propia,True
2026-09-21,J365f286f05,Alba Sola Ortega,F,142,1,"Cifras reales de 72 torneos (padelearnings.com + padelfip.com), no una estimación genérica",padelearnings.com + padelfip.com + padelapi.org · elaboración propia,True
2026-09-21,J734486a2df,Alsu Samigullina,F,142,1,"Cifras reales de 72 torneos (padelearnings.com + padelfip.com), no una estimación genérica",padelearnings.com + padelfip.com + padelapi.org · elaboración propia,True
2026-09-21,J6129cf3898,Melina Bois,F,142,1,"Cifras reales de 72 torneos (padelearnings.com + padelfip.com), no una estimación genérica",padelearnings.com + padelfip.com + padelapi.org · elaboración propia,True
2026-09-21,J7f274f4ba0,Carmen Rocio Diaz Vargas,F,142,1,"Cifras reales de 72 torneos (padelearnings.com + padelfip.com), no una estimación genérica",padelearnings.com + padelfip.com + padelapi.org · elaboración propia,True
2026-09-21,J721762ef32,Patricia Perez Gonzalez,F,142,1,"Cifras reales de 72 torneos (padelearnings.com + padelfip.com), no una estimación genérica",padelearnings.com + padelfip.com + padelapi.org · elaboración propia,True
2026-09-21,Jda2d989c18,Laura Ferrer,F,142,1,"Cifras reales de 72 torneos (padelearnings.com + padelfip.com), no una estimación genérica",padelearnings.com + padelfip.com + padelapi.org · elaboración propia,True
2026-09-21,J128f8e95d7,Patricia Martin Ortiz,F,142,1,"Cifras reales de 72 torneos (padelearnings.com + padelfip.com), no una estimación genérica",padelearnings.com + padelfip.com + padelapi.org · elaboración propia,True
2026-09-21,J683c8f5892,Janice Tilbrook,F,142,1,"Cifras reales de 72 torneos (padelearnings.com + padelfip.com), no una estimación genérica",padelearnings.com + padelfip.com + padelapi.org · elaboración propia,True
2026-09-21,J195dc3d896,Fatma Abbas Janahi,F,142,1,"Cifras reales de 72 torneos (padelearnings.com + padelfip.com), no una estimación genérica",padelearnings.com + padelfip.com + padelapi.org · elaboración propia,True
2026-09-21,J7e1b45433a,Aisha Alawadhi,F,142,1,"Cifras reales de 72 torneos (padelearnings.com + padelfip.com), no una estimación genérica",padelearnings.com + padelfip.com + padelapi.org · elaboración propia,True
2026-09-21,J7b3d15f1e0,Candela Lucendo Millan,F,142,1,"Cifras reales de 72 torneos (padelearnings.com + padelfip.com), no una estimación genérica",padelearnings.com + padelfip.com + padelapi.org · elaboración propia,True
2026-09-21,J914aba1923,Alanoud Yamani,F,142,1,"Cifras reales de 72 torneos (padelearnings.com + padelfip.com), no una estimación genérica",padelearnings.com + padelfip.com + padelapi.org · elaboración propia,True
2026-09-21,J0812bc0075,Ali Ahmed,M,142,1,"Cifras reales de 72 torneos (padelearnings.com + padelfip.com), no una estimación genérica",padelearnings.com + padelfip.com + padelapi.org · elaboración propia,True
2026-09-21,Jb8dcdf4256,Saeed Alketbi,M,142,1,"Cifras reales de 72 torneos (padelearnings.com + padelfip.com), no una estimación genérica",padelearnings.com + padelfip.com + padelapi.org · elaboración propia,True
2026-09-21,Jfaa87ded54,Fares Al Janahi,M,142,1,"Cifras reales de 72 torneos (padelearnings.com + padelfip.com), no una estimación genérica",padelearnings.com + padelfip.com + padelapi.org · elaboración propia,True
2026-09-21,J9173450f61,Javier Rodriguez Marquez,M,142,1,"Cifras reales de 72 torneos (padelearnings.com + padelfip.com), no una estimación genérica",padelearnings.com + padelfip.com + padelapi.org · elaboración propia,True
2026-09-21,J1c3e6afc0f,Cayan Chiodi Appel,M,142,1,"Cifras reales de 72 torneos (padelearnings.com + padelfip.com), no una estimación genérica",padelearnings.com + padelfip.com + padelapi.org · elaboración propia,True
2026-09-21,J4ba29e3522,Cosmin Constantin Bardan,M,142,2,"Cifras reales de 72 torneos (padelearnings.com + padelfip.com), no una estimación genérica",padelearnings.com + padelfip.com + padelapi.org · elaboración propia,True
2026-09-21,J70ea67a1ee,Neils Koesoemahadi,M,142,3,"Cifras reales de 72 torneos (padelearnings.com + padelfip.com), no una estimación genérica",padelearnings.com + padelfip.com + padelapi.org · elaboración propia,True
2026-09-21,Jc4bcb66ccf,Adeel Allawala,M,142,1,"Cifras reales de 72 torneos (padelearnings.com + padelfip.com), no una estimación genérica",padelearnings.com + padelfip.com + padelapi.org · elaboración propia,True
2026-09-21,Jcadfefdcf5,Leonardo Bulgarini,M,142,1,"Cifras reales de 72 torneos (padelearnings.com + padelfip.com), no una estimación genérica",padelearnings.com + padelfip.com + padelapi.org · elaboración propia,True
2026-09-21,Jfe22633af9,Marie Rondot,F,142,1,"Cifras reales de 72 torneos (padelearnings.com + padelfip.com), no una estimación genérica",padelearnings.com + padelfip.com + padelapi.org · elaboración propia,True
2026-09-21,J20631211c9,Noa Haddad,F,141,2,"Cifras reales de 72 torneos (padelearnings.com + padelfip.com), no una estimación genérica",padelearnings.com + padelfip.com + padelapi.org · elaboración propia,True
2026-09-21,J8764708a2e,Armand Baboian,M,141,2,"Cifras reales de 72 torneos (padelearnings.com + padelfip.com), no una estimación genérica",padelearnings.com + padelfip.com + padelapi.org · elaboración propia,True
2026-09-21,Jcb65417896,Robert Coman,M,141,2,"Cifras reales de 72 torneos (padelearnings.com + padelfip.com), no una estimación genérica",padelearnings.com + padelfip.com + padelapi.org · elaboración propia,True
2026-09-21,J4636210514,Lorenzo Bogarin,M,141,1,"Cifras reales de 72 torneos (padelearnings.com + padelfip.com), no una estimación genérica",padelearnings.com + padelfip.com + padelapi.org · elaboración propia,True
2026-09-21,J62d1843f75,Przemyslaw Zalubski,M,141,1,"Cifras reales de 72 torneos (padelearnings.com + padelfip.com), no una estimación genérica",padelearnings.com + padelfip.com + padelapi.org · elaboración propia,True
2026-09-21,J9d901eab8e,Daniela Garstea,F,141,1,"Cifras reales de 72 torneos (padelearnings.com + padelfip.com), no una estimación genérica",padelearnings.com + padelfip.com + padelapi.org · elaboración propia,True
2026-09-21,Jf1b582345a,Vlada Caraulnaia,F,141,1,"Cifras reales de 72 torneos (padelearnings.com + padelfip.com), no una estimación genérica",padelearnings.com + padelfip.com + padelapi.org · elaboración propia,True
2026-09-21,J7659dab964,Alice Tartaglia,F,141,2,"Cifras reales de 72 torneos (padelearnings.com + padelfip.com), no una estimación genérica",padelearnings.com + padelfip.com + padelapi.org · elaboración propia,True
2026-09-21,J8545cf41ac,Raluca Elena Ciufrila,F,141,1,"Cifras reales de 72 torneos (padelearnings.com + padelfip.com), no una estimación genérica",padelearnings.com + padelfip.com + padelapi.org · elaboración propia,True
2026-09-21,Jd3834ab655,Roxana Jianu,F,141,1,"Cifras reales de 72 torneos (padelearnings.com + padelfip.com), no una estimación genérica",padelearnings.com + padelfip.com + padelapi.org · elaboración propia,True
2026-09-21,Jdaf6ee3894,Ilinca Irimia,F,141,2,"Cifras reales de 72 torneos (padelearnings.com + padelfip.com), no una estimación genérica",padelearnings.com + padelfip.com + padelapi.org · elaboración propia,True
2026-09-21,J3a55888a25,Roberta Giulia Naicu,F,141,2,"Cifras reales de 72 torneos (padelearnings.com + padelfip.com), no una estimación genérica",padelearnings.com + padelfip.com + padelapi.org · elaboración propia,True
2026-09-21,Jf262bbdcb6,Nereida Quero Jiménez,F,141,3,"Cifras reales de 72 torneos (padelearnings.com + padelfip.com), no una estimación genérica",padelearnings.com + padelfip.com + padelapi.org · elaboración propia,True
2026-09-21,J104db47889,Inés Muñoz Escudero,F,141,1,"Cifras reales de 72 torneos (padelearnings.com + padelfip.com), no una estimación genérica",padelearnings.com + padelfip.com + padelapi.org · elaboración propia,True
2026-09-21,J628fa00eb2,Iara Filipa Pereira Rocha,F,141,6,"Cifras reales de 72 torneos (padelearnings.com + padelfip.com), no una estimación genérica",padelearnings.com + padelfip.com + padelapi.org · elaboración propia,True
2026-09-21,J74b1796e3b,Sofia Formigal,F,141,3,"Cifras reales de 72 torneos (padelearnings.com + padelfip.com), no una estimación genérica",padelearnings.com + padelfip.com + padelapi.org · elaboración propia,True
2026-09-21,J36ec3d4b79,Vladyslava Kaplina,F,141,4,"Cifras reales de 72 torneos (padelearnings.com + padelfip.com), no una estimación genérica",padelearnings.com + padelfip.com + padelapi.org · elaboración propia,True
2026-09-21,J6c22e2c132,Ines Coelho,F,141,2,"Cifras reales de 72 torneos (padelearnings.com + padelfip.com), no una estimación genérica",padelearnings.com + padelfip.com + padelapi.org · elaboración propia,True
2026-09-21,J3031ee3ef9,Alejandro Garayo Lana,M,141,1,"Cifras reales de 72 torneos (padelearnings.com + padelfip.com), no una estimación genérica",padelearnings.com + padelfip.com + padelapi.org · elaboración propia,True
2026-09-21,Ja1a237ab85,Luka Polovina,M,141,1,"Cifras reales de 72 torneos (padelearnings.com + padelfip.com), no una estimación genérica",padelearnings.com + padelfip.com + padelapi.org · elaboración propia,True
2026-09-21,J880734fead,Hami Golestan,M,141,3,"Cifras reales de 72 torneos (padelearnings.com + padelfip.com), no una estimación genérica",padelearnings.com + padelfip.com + padelapi.org · elaboración propia,True
2026-09-21,J12bba00e01,Andrija Graovac,M,141,1,"Cifras reales de 72 torneos (padelearnings.com + padelfip.com), no una estimación genérica",padelearnings.com + padelfip.com + padelapi.org · elaboración propia,True
2026-09-21,J23460fb435,Andjela Novcic,F,141,1,"Cifras reales de 72 torneos (padelearnings.com + padelfip.com), no una estimación genérica",padelearnings.com + padelfip.com + padelapi.org · elaboración propia,True
2026-09-21,Jfd9a95e9a6,Ana Stojacic,F,141,1,"Cifras reales de 72 torneos (padelearnings.com + padelfip.com), no una estimación genérica",padelearnings.com + padelfip.com + padelapi.org · elaboración propia,True
2026-09-21,Jf2c1249a24,Ena Indjin,F,141,1,"Cifras reales de 72 torneos (padelearnings.com + padelfip.com), no una estimación genérica",padelearnings.com + padelfip.com + padelapi.org · elaboración propia,True
2026-09-21,Jf5d69c4d2c,Bojana Milutinovic,F,141,1,"Cifras reales de 72 torneos (padelearnings.com + padelfip.com), no una estimación genérica",padelearnings.com + padelfip.com + padelapi.org · elaboración propia,True
2026-09-21,J41f4bca3a0,Marija Mirosavljevic,F,141,1,"Cifras reales de 72 torneos (padelearnings.com + padelfip.com), no una estimación genérica",padelearnings.com + padelfip.com + padelapi.org · elaboración propia,True
2026-09-21,Jf3bbf28710,Andjela Todorovic,F,141,1,"Cifras reales de 72 torneos (padelearnings.com + padelfip.com), no una estimación genérica",padelearnings.com + padelfip.com + padelapi.org · elaboración propia,True
2026-09-21,J036089f6cd,Anna Davydova,F,141,1,"Cifras reales de 72 torneos (padelearnings.com + padelfip.com), no una estimación genérica",padelearnings.com + padelfip.com + padelapi.org · elaboración propia,True
2026-09-21,J806a9c95e3,Irina Bobrysheva,F,141,1,"Cifras reales de 72 torneos (padelearnings.com + padelfip.com), no una estimación genérica",padelearnings.com + padelfip.com + padelapi.org · elaboración propia,True
2026-09-21,Jac730df70e,Lidija Samardzic,F,141,1,"Cifras reales de 72 torneos (padelearnings.com + padelfip.com), no una estimación genérica",padelearnings.com + padelfip.com + padelapi.org · elaboración propia,True
2026-09-21,Jd60b85a9f5,Teodora Golubović,F,141,1,"Cifras reales de 72 torneos (padelearnings.com + padelfip.com), no una estimación genérica",padelearnings.com + padelfip.com + padelapi.org · elaboración propia,True
2026-09-21,Jd42a002ee8,Marc Bernils Garcia,M,141,3,"Cifras reales de 72 torneos (padelearnings.com + padelfip.com), no una estimación genérica",padelearnings.com + padelfip.com + padelapi.org · elaboración propia,True
2026-09-21,J5981ac8940,Tamrin Bayazid Sinardi Tamrin,M,141,3,"Cifras reales de 72 torneos (padelearnings.com + padelfip.com), no una estimación genérica",padelearnings.com + padelfip.com + padelapi.org · elaboración propia,True
2026-09-21,J1111d5c914,Wing Chun Law,F,141,3,"Cifras reales de 72 torneos (padelearnings.com + padelfip.com), no una estimación genérica",padelearnings.com + padelfip.com + padelapi.org · elaboración propia,True
2026-09-21,Ja8fe60bf94,Mustafa Gokhan Gunes,M,141,5,"Cifras reales de 72 torneos (padelearnings.com + padelfip.com), no una estimación genérica",padelearnings.com + padelfip.com + padelapi.org · elaboración propia,True
2026-09-21,J7816952bcd,Beatriz Gueiral,F,141,2,"Cifras reales de 72 torneos (padelearnings.com + padelfip.com), no una estimación genérica",padelearnings.com + padelfip.com + padelapi.org · elaboración propia,True
2026-09-21,J675469a278,Hamza Berrahou,M,141,3,"Cifras reales de 72 torneos (padelearnings.com + padelfip.com), no una estimación genérica",padelearnings.com + padelfip.com + padelapi.org · elaboración propia,True
2026-09-21,Jf03393d64f,Chunxiao Qu,M,141,2,"Cifras reales de 72 torneos (padelearnings.com + padelfip.com), no una estimación genérica",padelearnings.com + padelfip.com + padelapi.org · elaboración propia,True
2026-09-21,Ja3ed0b3e25,Xusheng Wang,M,141,2,"Cifras reales de 72 torneos (padelearnings.com + padelfip.com), no una estimación genérica",padelearnings.com + padelfip.com + padelapi.org · elaboración propia,True
2026-09-21,Je101282ebb,Xie Zongnan,M,141,2,"Cifras reales de 72 torneos (padelearnings.com + padelfip.com), no una estimación genérica",padelearnings.com + padelfip.com + padelapi.org · elaboración propia,True
2026-09-21,J9f1d75221b,Jad Jaafar,M,141,1,"Cifras reales de 72 torneos (padelearnings.com + padelfip.com), no una estimación genérica",padelearnings.com + padelfip.com + padelapi.org · elaboración propia,True
2026-09-21,Ja7a26f203d,Khalil Abass,M,141,1,"Cifras reales de 72 torneos (padelearnings.com + padelfip.com), no una estimación genérica",padelearnings.com + padelfip.com + padelapi.org · elaboración propia,True
2026-09-21,J280bf0dc36,Mohamed Michel Hussein Khachab,M,141,2,"Cifras reales de 72 torneos (padelearnings.com + padelfip.com), no una estimación genérica",padelearnings.com + padelfip.com + padelapi.org · elaboración propia,True
2026-09-21,J60f63028d9,Alberto Simon Garcia,M,141,1,"Cifras reales de 72 torneos (padelearnings.com + padelfip.com), no una estimación genérica",padelearnings.com + padelfip.com + padelapi.org · elaboración propia,True
2026-09-21,J28709812ac,Didier Tanous,M,141,1,"Cifras reales de 72 torneos (padelearnings.com + padelfip.com), no una estimación genérica",padelearnings.com + padelfip.com + padelapi.org · elaboración propia,True
2026-09-21,J5d075b223b,Maher Damergie,M,141,2,"Cifras reales de 72 torneos (padelearnings.com + padelfip.com), no una estimación genérica",padelearnings.com + padelfip.com + padelapi.org · elaboración propia,True
2026-09-21,J0884366dd5,Samir Wazni,M,141,1,"Cifras reales de 72 torneos (padelearnings.com + padelfip.com), no una estimación genérica",padelearnings.com + padelfip.com + padelapi.org · elaboración propia,True
2026-09-21,Jc7f2e30e40,Fakhry Hassan,M,141,1,"Cifras reales de 72 torneos (padelearnings.com + padelfip.com), no una estimación genérica",padelearnings.com + padelfip.com + padelapi.org · elaboración propia,True
2026-09-21,J9986ecb5ef,Dany Ryan El Riz,M,141,2,"Cifras reales de 72 torneos (padelearnings.com + padelfip.com), no una estimación genérica",padelearnings.com + padelfip.com + padelapi.org · elaboración propia,True
2026-09-21,Jf7d4466528,Wael Franzen Bourgi,M,141,2,"Cifras reales de 72 torneos (padelearnings.com + padelfip.com), no una estimación genérica",padelearnings.com + padelfip.com + padelapi.org · elaboración propia,True
2026-09-21,J1d6330b04c,Anthony Hyjazi,M,141,2,"Cifras reales de 72 torneos (padelearnings.com + padelfip.com), no una estimación genérica",padelearnings.com + padelfip.com + padelapi.org · elaboración propia,True
2026-09-21,Jecbd74c553,Mostafa Hesham,M,141,3,"Cifras reales de 72 torneos (padelearnings.com + padelfip.com), no una estimación genérica",padelearnings.com + padelfip.com + padelapi.org · elaboración propia,True
2026-09-21,J630f8a3817,Ange Gamaliel Nguessan,M,141,2,"Cifras reales de 72 torneos (padelearnings.com + padelfip.com), no una estimación genérica",padelearnings.com + padelfip.com + padelapi.org · elaboración propia,True
2026-09-21,J7fea6d430a,Ghrabi Majd,M,141,1,"Cifras reales de 72 torneos (padelearnings.com + padelfip.com), no una estimación genérica",padelearnings.com + padelfip.com + padelapi.org · elaboración propia,True
2026-09-21,J6608f52f6a,Abbas Makke,M,141,1,"Cifras reales de 72 torneos (padelearnings.com + padelfip.com), no una estimación genérica",padelearnings.com + padelfip.com + padelapi.org · elaboración propia,True
2026-09-21,J103bc53f96,Agustín Leonel Correa Bayona,M,141,1,"Cifras reales de 72 torneos (padelearnings.com + padelfip.com), no una estimación genérica",padelearnings.com + padelfip.com + padelapi.org · elaboración propia,True
2026-09-21,J1149a6e09a,Baltazar Cornaglia,M,141,1,"Cifras reales de 72 torneos (padelearnings.com + padelfip.com), no una estimación genérica",padelearnings.com + padelfip.com + padelapi.org · elaboración propia,True
2026-09-21,J6eda120435,Kevin Danho,M,141,1,"Cifras reales de 72 torneos (padelearnings.com + padelfip.com), no una estimación genérica",padelearnings.com + padelfip.com + padelapi.org · elaboración propia,True
2026-09-21,J7590a42aa1,Khalil Alex,M,141,2,"Cifras reales de 72 torneos (padelearnings.com + padelfip.com), no una estimación genérica",padelearnings.com + padelfip.com + padelapi.org · elaboración propia,True
2026-09-21,J5bf7eee253,Ron Kester Ako Annan,M,141,1,"Cifras reales de 72 torneos (padelearnings.com + padelfip.com), no una estimación genérica",padelearnings.com + padelfip.com + padelapi.org · elaboración propia,True
2026-09-21,J7e0eceb81f,Daniel Anum Quartey,M,141,1,"Cifras reales de 72 torneos (padelearnings.com + padelfip.com), no una estimación genérica",padelearnings.com + padelfip.com + padelapi.org · elaboración propia,True
2026-09-21,J5f65e2f83d,Armando Soemarno,M,141,1,"Cifras reales de 72 torneos (padelearnings.com + padelfip.com), no una estimación genérica",padelearnings.com + padelfip.com + padelapi.org · elaboración propia,True
2026-09-21,J40469cc3bd,Robert Moore,M,141,2,"Cifras reales de 72 torneos (padelearnings.com + padelfip.com), no una estimación genérica",padelearnings.com + padelfip.com + padelapi.org · elaboración propia,True
2026-09-21,J89bb8be9b1,Antonio Sánchez García,M,141,1,"Cifras reales de 72 torneos (padelearnings.com + padelfip.com), no una estimación genérica",padelearnings.com + padelfip.com + padelapi.org · elaboración propia,True
2026-09-21,J8e63ab8771,Jose Antonio Canorea Garcia,M,141,1,"Cifras reales de 72 torneos (padelearnings.com + padelfip.com), no una estimación genérica",padelearnings.com + padelfip.com + padelapi.org · elaboración propia,True
2026-09-21,J227f5be379,Singgih Ario Suselo,M,141,3,"Cifras reales de 72 torneos (padelearnings.com + padelfip.com), no una estimación genérica",padelearnings.com + padelfip.com + padelapi.org · elaboración propia,True
2026-09-21,J07ecab40f4,Taiga Sherr-Oshima,M,141,2,"Cifras reales de 72 torneos (padelearnings.com + padelfip.com), no una estimación genérica",padelearnings.com + padelfip.com + padelapi.org · elaboración propia,True
2026-09-21,J355350b429,Wee Ming Hock Vincent Jones Jr,M,141,1,"Cifras reales de 72 torneos (padelearnings.com + padelfip.com), no una estimación genérica",padelearnings.com + padelfip.com + padelapi.org · elaboración propia,True
2026-09-21,Je0af0a13ca,Jiakai Hu,M,141,1,"Cifras reales de 72 torneos (padelearnings.com + padelfip.com), no una estimación genérica",padelearnings.com + padelfip.com + padelapi.org · elaboración propia,True
2026-09-21,Jd874560beb,Kai Wang,F,141,1,"Cifras reales de 72 torneos (padelearnings.com + padelfip.com), no una estimación genérica",padelearnings.com + padelfip.com + padelapi.org · elaboración propia,True
2026-09-21,J8f64cc170f,Ruonan Li,F,141,1,"Cifras reales de 72 torneos (padelearnings.com + padelfip.com), no una estimación genérica",padelearnings.com + padelfip.com + padelapi.org · elaboración propia,True
2026-09-21,J7e0c86a8cf,Shihui Cui,F,141,1,"Cifras reales de 72 torneos (padelearnings.com + padelfip.com), no una estimación genérica",padelearnings.com + padelfip.com + padelapi.org · elaboración propia,True
2026-09-21,Jf4b3a03137,Fuman Xie,F,141,2,"Cifras reales de 72 torneos (padelearnings.com + padelfip.com), no una estimación genérica",padelearnings.com + padelfip.com + padelapi.org · elaboración propia,True
2026-09-21,J94dad57b0e,Ni Xiong,F,141,2,"Cifras reales de 72 torneos (padelearnings.com + padelfip.com), no una estimación genérica",padelearnings.com + padelfip.com + padelapi.org · elaboración propia,True
2026-09-21,J34f5f8a658,Ann Lei,F,141,1,"Cifras reales de 72 torneos (padelearnings.com + padelfip.com), no una estimación genérica",padelearnings.com + padelfip.com + padelapi.org · elaboración propia,True
2026-09-21,J9a13875e7e,Diana Chen,F,141,1,"Cifras reales de 72 torneos (padelearnings.com + padelfip.com), no una estimación genérica",padelearnings.com + padelfip.com + padelapi.org · elaboración propia,True
2026-09-21,J2da8142c51,Angelina Gordienko,F,141,2,"Cifras reales de 72 torneos (padelearnings.com + padelfip.com), no una estimación genérica",padelearnings.com + padelfip.com + padelapi.org · elaboración propia,True
2026-09-21,J6a59ac8907,Rasul Gojayev,M,141,2,"Cifras reales de 72 torneos (padelearnings.com + padelfip.com), no una estimación genérica",padelearnings.com + padelfip.com + padelapi.org · elaboración propia,True
2026-09-21,J8112d2fcb9,Zhanibek Umbetov,M,141,2,"Cifras reales de 72 torneos (padelearnings.com + padelfip.com), no una estimación genérica",padelearnings.com + padelfip.com + padelapi.org · elaboración propia,True
2026-09-21,J98013fb1c8,Rodion Pak,M,141,2,"Cifras reales de 72 torneos (padelearnings.com + padelfip.com), no una estimación genérica",padelearnings.com + padelfip.com + padelapi.org · elaboración propia,True
2026-09-21,Je4e8367846,Javier Mena Moreno,M,141,3,"Cifras reales de 72 torneos (padelearnings.com + padelfip.com), no una estimación genérica",padelearnings.com + padelfip.com + padelapi.org · elaboración propia,True
2026-09-21,Jea4520d99c,Daria Ovsiannikova,F,141,1,"Cifras reales de 72 torneos (padelearnings.com + padelfip.com), no una estimación genérica",padelearnings.com + padelfip.com + padelapi.org · elaboración propia,True
2026-09-21,J6c82a7686f,Evgeniia Kozlova,F,141,1,"Cifras reales de 72 torneos (padelearnings.com + padelfip.com), no una estimación genérica",padelearnings.com + padelfip.com + padelapi.org · elaboración propia,True
2026-09-21,Je763531b60,Anastasia Ivanova,F,141,1,"Cifras reales de 72 torneos (padelearnings.com + padelfip.com), no una estimación genérica",padelearnings.com + padelfip.com + padelapi.org · elaboración propia,True
2026-09-21,J1081a2b1ba,Milana Kulayeva,F,141,1,"Cifras reales de 72 torneos (padelearnings.com + padelfip.com), no una estimación genérica",padelearnings.com + padelfip.com + padelapi.org · elaboración propia,True
2026-09-21,J29e586a577,Amina Beimuratova,F,141,1,"Cifras reales de 72 torneos (padelearnings.com + padelfip.com), no una estimación genérica",padelearnings.com + padelfip.com + padelapi.org · elaboración propia,True
2026-09-21,J7ecd8d96a9,Irina Volontyr,F,141,1,"Cifras reales de 72 torneos (padelearnings.com + padelfip.com), no una estimación genérica",padelearnings.com + padelfip.com + padelapi.org · elaboración propia,True
2026-09-21,J34c8d904b2,Yevgeniya Abkeyeva,F,141,1,"Cifras reales de 72 torneos (padelearnings.com + padelfip.com), no una estimación genérica",padelearnings.com + padelfip.com + padelapi.org · elaboración propia,True
2026-09-21,J959a08437b,Aiganym Orymbekova,F,141,1,"Cifras reales de 72 torneos (padelearnings.com + padelfip.com), no una estimación genérica",padelearnings.com + padelfip.com + padelapi.org · elaboración propia,True
2026-09-21,J882ed6ff18,Ksenia Danko,F,141,1,"Cifras reales de 72 torneos (padelearnings.com + padelfip.com), no una estimación genérica",padelearnings.com + padelfip.com + padelapi.org · elaboración propia,True
2026-09-21,Jb9a4d0c4a2,Ksenia Sidorova,F,141,1,"Cifras reales de 72 torneos (padelearnings.com + padelfip.com), no una estimación genérica",padelearnings.com + padelfip.com + padelapi.org · elaboración propia,True
2026-09-21,J06379b00db,Edanur Sahin,F,141,1,"Cifras reales de 72 torneos (padelearnings.com + padelfip.com), no una estimación genérica",padelearnings.com + padelfip.com + padelapi.org · elaboración propia,True
2026-09-21,Jebc591542b,Zoljargal Neumann,F,141,1,"Cifras reales de 72 torneos (padelearnings.com + padelfip.com), no una estimación genérica",padelearnings.com + padelfip.com + padelapi.org · elaboración propia,True
2026-09-21,J4d46a18ab9,Alexandra Khan,F,141,1,"Cifras reales de 72 torneos (padelearnings.com + padelfip.com), no una estimación genérica",padelearnings.com + padelfip.com + padelapi.org · elaboración propia,True
2026-09-21,Je95f6f6ce0,Marina Rassulova,F,141,1,"Cifras reales de 72 torneos (padelearnings.com + padelfip.com), no una estimación genérica",padelearnings.com + padelfip.com + padelapi.org · elaboración propia,True
2026-09-21,J957bee920b,Greta Mokrousova,F,141,1,"Cifras reales de 72 torneos (padelearnings.com + padelfip.com), no una estimación genérica",padelearnings.com + padelfip.com + padelapi.org · elaboración propia,True
2026-09-21,Ja82b18426a,Vlada Lenskaya Bogomolova,F,141,1,"Cifras reales de 72 torneos (padelearnings.com + padelfip.com), no una estimación genérica",padelearnings.com + padelfip.com + padelapi.org · elaboración propia,True
2026-09-21,J7f394d2bfe,Marziya Abdulmazhit,F,141,1,"Cifras reales de 72 torneos (padelearnings.com + padelfip.com), no una estimación genérica",padelearnings.com + padelfip.com + padelapi.org · elaboración propia,True
2026-09-21,Jc1e1f65fa3,Alexandra Rodicheva,F,141,1,"Cifras reales de 72 torneos (padelearnings.com + padelfip.com), no una estimación genérica",padelearnings.com + padelfip.com + padelapi.org · elaboración propia,True
2026-09-21,J1d7e8606ae,Tatyana Giorgadze,F,141,1,"Cifras reales de 72 torneos (padelearnings.com + padelfip.com), no una estimación genérica",padelearnings.com + padelfip.com + padelapi.org · elaboración propia,True
2026-09-21,J4aba470e9e,Ainur Daudova,F,141,1,"Cifras reales de 72 torneos (padelearnings.com + padelfip.com), no una estimación genérica",padelearnings.com + padelfip.com + padelapi.org · elaboración propia,True
2026-09-21,Jd2333b79a7,Pavel Karpushkin,M,141,1,"Cifras reales de 72 torneos (padelearnings.com + padelfip.com), no una estimación genérica",padelearnings.com + padelfip.com + padelapi.org · elaboración propia,True
2026-09-21,J649992170b,Ilyas Hasanli,M,141,1,"Cifras reales de 72 torneos (padelearnings.com + padelfip.com), no una estimación genérica",padelearnings.com + padelfip.com + padelapi.org · elaboración propia,True
2026-09-21,Ja9667f6081,Yusif Rzayev,M,141,1,"Cifras reales de 72 torneos (padelearnings.com + padelfip.com), no una estimación genérica",padelearnings.com + padelfip.com + padelapi.org · elaboración propia,True
2026-09-21,J4cbce1e75a,Zhaslan Omarov,M,141,1,"Cifras reales de 72 torneos (padelearnings.com + padelfip.com), no una estimación genérica",padelearnings.com + padelfip.com + padelapi.org · elaboración propia,True
2026-09-21,J8b244c8364,Adilyar Muzdybayev,M,141,1,"Cifras reales de 72 torneos (padelearnings.com + padelfip.com), no una estimación genérica",padelearnings.com + padelfip.com + padelapi.org · elaboración propia,True
2026-09-21,Jd73fc831fe,Yan Brek,M,141,1,"Cifras reales de 72 torneos (padelearnings.com + padelfip.com), no una estimación genérica",padelearnings.com + padelfip.com + padelapi.org · elaboración propia,True
2026-09-21,J12891693da,Nurassyl Sultambekov,M,141,1,"Cifras reales de 72 torneos (padelearnings.com + padelfip.com), no una estimación genérica",padelearnings.com + padelfip.com + padelapi.org · elaboración propia,True
2026-09-21,J8e9a63d8a0,Damir Duisengazin,M,141,1,"Cifras reales de 72 torneos (padelearnings.com + padelfip.com), no una estimación genérica",padelearnings.com + padelfip.com + padelapi.org · elaboración propia,True
2026-09-21,Jb5b377a5a0,Zhakas Kozbak,M,141,1,"Cifras reales de 72 torneos (padelearnings.com + padelfip.com), no una estimación genérica",padelearnings.com + padelfip.com + padelapi.org · elaboración propia,True
2026-09-21,Jca731f90c8,Nikita Sidorov,M,141,1,"Cifras reales de 72 torneos (padelearnings.com + padelfip.com), no una estimación genérica",padelearnings.com + padelfip.com + padelapi.org · elaboración propia,True
2026-09-21,J2e4f3047de,Santiago Manuel Colombo Romero,M,141,1,"Cifras reales de 72 torneos (padelearnings.com + padelfip.com), no una estimación genérica",padelearnings.com + padelfip.com + padelapi.org · elaboración propia,True
2026-09-21,J81e0318879,Kirill Kolganov,M,141,1,"Cifras reales de 72 torneos (padelearnings.com + padelfip.com), no una estimación genérica",padelearnings.com + padelfip.com + padelapi.org · elaboración propia,True
2026-09-21,Jf455d785bd,Maria Isabel Grau Castelo,F,141,1,"Cifras reales de 72 torneos (padelearnings.com + padelfip.com), no una estimación genérica",padelearnings.com + padelfip.com + padelapi.org · elaboración propia,True
2026-09-21,Jd3761b9cf9,Joao Pessanha,M,141,1,"Cifras reales de 72 torneos (padelearnings.com + padelfip.com), no una estimación genérica",padelearnings.com + padelfip.com + padelapi.org · elaboración propia,True
2026-09-21,Je2eb48c428,Pedro Campos,M,141,1,"Cifras reales de 72 torneos (padelearnings.com + padelfip.com), no una estimación genérica",padelearnings.com + padelfip.com + padelapi.org · elaboración propia,True
2026-09-21,J9c29fc9996,Henrique Orge,M,113,6,"Cifras reales de 72 torneos (padelearnings.com + padelfip.com), no una estimación genérica",padelearnings.com + padelfip.com + padelapi.org · elaboración propia,True
2026-09-21,J6624bf477e,Benicio Lara Zezza,M,113,2,"Cifras reales de 72 torneos (padelearnings.com + padelfip.com), no una estimación genérica",padelearnings.com + padelfip.com + padelapi.org · elaboración propia,True
2026-09-21,Jdfe1372d98,Jorge Morales Rocino,M,113,2,"Cifras reales de 72 torneos (padelearnings.com + padelfip.com), no una estimación genérica",padelearnings.com + padelfip.com + padelapi.org · elaboración propia,True
2026-09-21,J0766d83f42,Puck Bernard,F,113,3,"Cifras reales de 72 torneos (padelearnings.com + padelfip.com), no una estimación genérica",padelearnings.com + padelfip.com + padelapi.org · elaboración propia,True
2026-09-21,J39940b008c,Karyn Emeralda,F,113,2,"Cifras reales de 72 torneos (padelearnings.com + padelfip.com), no una estimación genérica",padelearnings.com + padelfip.com + padelapi.org · elaboración propia,True
2026-09-21,J2d4c208828,Nathan Perrot,M,113,6,"Cifras reales de 72 torneos (padelearnings.com + padelfip.com), no una estimación genérica",padelearnings.com + padelfip.com + padelapi.org · elaboración propia,True
2026-09-21,Ja08d1371ac,Sacha Huard De La Marre,M,113,5,"Cifras reales de 72 torneos (padelearnings.com + padelfip.com), no una estimación genérica",padelearnings.com + padelfip.com + padelapi.org · elaboración propia,True
2026-09-21,J3ca689fd44,Kilian Jordan,M,113,6,"Cifras reales de 72 torneos (padelearnings.com + padelfip.com), no una estimación genérica",padelearnings.com + padelfip.com + padelapi.org · elaboración propia,True
2026-09-21,Jf132dc780f,Lorenzo Mancini,M,113,4,"Cifras reales de 72 torneos (padelearnings.com + padelfip.com), no una estimación genérica",padelearnings.com + padelfip.com + padelapi.org · elaboración propia,True
2026-09-21,Jda99eef87b,Valentin Cilli,M,113,2,"Cifras reales de 72 torneos (padelearnings.com + padelfip.com), no una estimación genérica",padelearnings.com + padelfip.com + padelapi.org · elaboración propia,True
2026-09-21,Jf37122f308,Germano Giacalone,M,113,1,"Cifras reales de 72 torneos (padelearnings.com + padelfip.com), no una estimación genérica",padelearnings.com + padelfip.com + padelapi.org · elaboración propia,True
2026-09-21,Jfeca6da6b3,Antonio Campo,M,113,1,"Cifras reales de 72 torneos (padelearnings.com + padelfip.com), no una estimación genérica",padelearnings.com + padelfip.com + padelapi.org · elaboración propia,True
2026-09-21,J48b35cdf83,Asier Cabana Martin,M,113,3,"Cifras reales de 72 torneos (padelearnings.com + padelfip.com), no una estimación genérica",padelearnings.com + padelfip.com + padelapi.org · elaboración propia,True
2026-09-21,J6baeb438fd,Ilenia Monti,F,113,1,"Cifras reales de 72 torneos (padelearnings.com + padelfip.com), no una estimación genérica",padelearnings.com + padelfip.com + padelapi.org · elaboración propia,True
2026-09-21,Jd1d06fed90,Francesca Pezzillo,F,113,2,"Cifras reales de 72 torneos (padelearnings.com + padelfip.com), no una estimación genérica",padelearnings.com + padelfip.com + padelapi.org · elaboración propia,True
2026-09-21,J656625abcd,Paula Del Rio Del Barrio,F,113,1,"Cifras reales de 72 torneos (padelearnings.com + padelfip.com), no una estimación genérica",padelearnings.com + padelfip.com + padelapi.org · elaboración propia,True
2026-09-21,Jbba3fb7e89,Dina Aoulad Bouhmama,F,113,1,"Cifras reales de 72 torneos (padelearnings.com + padelfip.com), no una estimación genérica",padelearnings.com + padelfip.com + padelapi.org · elaboración propia,True
2026-09-21,Je8ad5b466e,Zahra Chaouki,F,113,1,"Cifras reales de 72 torneos (padelearnings.com + padelfip.com), no una estimación genérica",padelearnings.com + padelfip.com + padelapi.org · elaboración propia,True
2026-09-21,J25691ef5c9,Stefano Indomenico,M,113,3,"Cifras reales de 72 torneos (padelearnings.com + padelfip.com), no una estimación genérica",padelearnings.com + padelfip.com + padelapi.org · elaboración propia,True
2026-09-21,Jf5c58b1f8d,Giulio Lovascio,M,113,4,"Cifras reales de 72 torneos (padelearnings.com + padelfip.com), no una estimación genérica",padelearnings.com + padelfip.com + padelapi.org · elaboración propia,True
2026-09-21,J24bcdb234d,Oriana Meza,F,113,2,"Cifras reales de 72 torneos (padelearnings.com + padelfip.com), no una estimación genérica",padelearnings.com + padelfip.com + padelapi.org · elaboración propia,True
2026-09-21,J3fb8e33256,Teodora Mirosavljevic,F,113,1,"Cifras reales de 72 torneos (padelearnings.com + padelfip.com), no una estimación genérica",padelearnings.com + padelfip.com + padelapi.org · elaboración propia,True
2026-09-21,Jdc36d0f00a,Gracia Radovanovic,F,113,1,"Cifras reales de 72 torneos (padelearnings.com + padelfip.com), no una estimación genérica",padelearnings.com + padelfip.com + padelapi.org · elaboración propia,True
2026-09-21,J3358c69b94,Emilia Feodorovici,F,113,1,"Cifras reales de 72 torneos (padelearnings.com + padelfip.com), no una estimación genérica",padelearnings.com + padelfip.com + padelapi.org · elaboración propia,True
2026-09-21,Jb4519cb798,Selima Fendri,F,113,1,"Cifras reales de 72 torneos (padelearnings.com + padelfip.com), no una estimación genérica",padelearnings.com + padelfip.com + padelapi.org · elaboración propia,True
2026-09-21,J1e713558c7,Candelaria Sedano Acosta,F,113,1,"Cifras reales de 72 torneos (padelearnings.com + padelfip.com), no una estimación genérica",padelearnings.com + padelfip.com + padelapi.org · elaboración propia,True
2026-09-21,J3ea60b6dc6,Dobra Patric Andrei,M,113,1,"Cifras reales de 72 torneos (padelearnings.com + padelfip.com), no una estimación genérica",padelearnings.com + padelfip.com + padelapi.org · elaboración propia,True
2026-09-21,Jd68ec21804,Silviu Mircea Popescu,M,113,1,"Cifras reales de 72 torneos (padelearnings.com + padelfip.com), no una estimación genérica",padelearnings.com + padelfip.com + padelapi.org · elaboración propia,True
2026-09-21,J5b13f609c8,Milan Terkovics,M,113,1,"Cifras reales de 72 torneos (padelearnings.com + padelfip.com), no una estimación genérica",padelearnings.com + padelfip.com + padelapi.org · elaboración propia,True
2026-09-21,Jcaba72676a,Carlos Martínez Tomas,M,113,1,"Cifras reales de 72 torneos (padelearnings.com + padelfip.com), no una estimación genérica",padelearnings.com + padelfip.com + padelapi.org · elaboración propia,True
2026-09-21,J2401a48301,Popescu Alex Gabriel,M,113,1,"Cifras reales de 72 torneos (padelearnings.com + padelfip.com), no una estimación genérica",padelearnings.com + padelfip.com + padelapi.org · elaboración propia,True
2026-09-21,Ja6201f00ed,Robert Florin Popescu,M,113,1,"Cifras reales de 72 torneos (padelearnings.com + padelfip.com), no una estimación genérica",padelearnings.com + padelfip.com + padelapi.org · elaboración propia,True
2026-09-21,Jabb19995e0,Matilde Laura,F,113,1,"Cifras reales de 72 torneos (padelearnings.com + padelfip.com), no una estimación genérica",padelearnings.com + padelfip.com + padelapi.org · elaboración propia,True
2026-09-21,J16324abf62,Daniele Cattaneo,M,113,1,"Cifras reales de 72 torneos (padelearnings.com + padelfip.com), no una estimación genérica",padelearnings.com + padelfip.com + padelapi.org · elaboración propia,True
2026-09-21,J10bd5f5562,Arnau Carbonell Ortells,M,113,2,"Cifras reales de 72 torneos (padelearnings.com + padelfip.com), no una estimación genérica",padelearnings.com + padelfip.com + padelapi.org · elaboración propia,True
2026-09-21,J11d6735660,Daniel Salinas Ordenes,M,113,1,"Cifras reales de 72 torneos (padelearnings.com + padelfip.com), no una estimación genérica",padelearnings.com + padelfip.com + padelapi.org · elaboración propia,True
2026-09-21,J576c4fa153,Matias Negrete Oliva,M,113,1,"Cifras reales de 72 torneos (padelearnings.com + padelfip.com), no una estimación genérica",padelearnings.com + padelfip.com + padelapi.org · elaboración propia,True
2026-09-21,J943f1c1047,Thiago Mayerna,M,113,2,"Cifras reales de 72 torneos (padelearnings.com + padelfip.com), no una estimación genérica",padelearnings.com + padelfip.com + padelapi.org · elaboración propia,True
2026-09-21,J3ff8358d70,Lorenzo Yob,M,113,1,"Cifras reales de 72 torneos (padelearnings.com + padelfip.com), no una estimación genérica",padelearnings.com + padelfip.com + padelapi.org · elaboración propia,True
2026-09-21,J478bf36aad,Mauricio A Rivero,M,113,2,"Cifras reales de 72 torneos (padelearnings.com + padelfip.com), no una estimación genérica",padelearnings.com + padelfip.com + padelapi.org · elaboración propia,True
2026-09-21,J4bf224cd80,Lucas Gonzalez Bueno,M,113,1,"Cifras reales de 72 torneos (padelearnings.com + padelfip.com), no una estimación genérica",padelearnings.com + padelfip.com + padelapi.org · elaboración propia,True
2026-09-21,J7290366e9f,Agustin Sanchez,M,113,1,"Cifras reales de 72 torneos (padelearnings.com + padelfip.com), no una estimación genérica",padelearnings.com + padelfip.com + padelapi.org · elaboración propia,True
2026-09-21,Jeeee48e8fc,Diego Agustin Marcial,M,113,2,"Cifras reales de 72 torneos (padelearnings.com + padelfip.com), no una estimación genérica",padelearnings.com + padelfip.com + padelapi.org · elaboración propia,True
2026-09-21,Jacce357ec2,Aidan Yunus,M,113,1,"Cifras reales de 72 torneos (padelearnings.com + padelfip.com), no una estimación genérica",padelearnings.com + padelfip.com + padelapi.org · elaboración propia,True
2026-09-21,Jbf044c341c,Daniel Bressel Ambrossi,M,113,1,"Cifras reales de 72 torneos (padelearnings.com + padelfip.com), no una estimación genérica",padelearnings.com + padelfip.com + padelapi.org · elaboración propia,True
2026-09-21,Jad82f9955d,Daniel Frias Lambea,M,113,1,"Cifras reales de 72 torneos (padelearnings.com + padelfip.com), no una estimación genérica",padelearnings.com + padelfip.com + padelapi.org · elaboración propia,True
2026-09-21,Jda6787b43b,Rio Yamada,F,113,1,"Cifras reales de 72 torneos (padelearnings.com + padelfip.com), no una estimación genérica",padelearnings.com + padelfip.com + padelapi.org · elaboración propia,True
2026-09-21,J3ec7cf2e03,Alice Colombi,F,113,1,"Cifras reales de 72 torneos (padelearnings.com + padelfip.com), no una estimación genérica",padelearnings.com + padelfip.com + padelapi.org · elaboración propia,True
2026-09-21,Jc61ab10c70,Martina Mantova,F,113,2,"Cifras reales de 72 torneos (padelearnings.com + padelfip.com), no una estimación genérica",padelearnings.com + padelfip.com + padelapi.org · elaboración propia,True
2026-09-21,J85061b4931,Marc Lupon Martinez,M,113,1,"Cifras reales de 72 torneos (padelearnings.com + padelfip.com), no una estimación genérica",padelearnings.com + padelfip.com + padelapi.org · elaboración propia,True
2026-09-21,J79d94a020a,Ivo Agustin Nuñez,M,113,1,"Cifras reales de 72 torneos (padelearnings.com + padelfip.com), no una estimación genérica",padelearnings.com + padelfip.com + padelapi.org · elaboración propia,True
2026-09-21,J7358ff9eed,Santiago Sebastian Strazzabopo Nieves,M,113,1,"Cifras reales de 72 torneos (padelearnings.com + padelfip.com), no una estimación genérica",padelearnings.com + padelfip.com + padelapi.org · elaboración propia,True
2026-09-21,J530686e97d,Edgar Espinosa Angelino,M,113,1,"Cifras reales de 72 torneos (padelearnings.com + padelfip.com), no una estimación genérica",padelearnings.com + padelfip.com + padelapi.org · elaboración propia,True
2026-09-21,Jec80ca47fa,Alonso Calvache,M,113,1,"Cifras reales de 72 torneos (padelearnings.com + padelfip.com), no una estimación genérica",padelearnings.com + padelfip.com + padelapi.org · elaboración propia,True
2026-09-21,J1314d72aa1,Miguel Oliveira,M,111,3,"Cifras reales de 72 torneos (padelearnings.com + padelfip.com), no una estimación genérica",padelearnings.com + padelfip.com + padelapi.org · elaboración propia,True
2026-09-21,Jf4078ff1f0,Thijs De Kroon,M,102,1,"Cifras reales de 72 torneos (padelearnings.com + padelfip.com), no una estimación genérica",padelearnings.com + padelfip.com + padelapi.org · elaboración propia,True
2026-09-21,Jb39e702d8c,Tygho Schoonus,M,102,1,"Cifras reales de 72 torneos (padelearnings.com + padelfip.com), no una estimación genérica",padelearnings.com + padelfip.com + padelapi.org · elaboración propia,True
2026-09-21,Jd63dd84223,Roman Wink,M,102,1,"Cifras reales de 72 torneos (padelearnings.com + padelfip.com), no una estimación genérica",padelearnings.com + padelfip.com + padelapi.org · elaboración propia,True
2026-09-21,Ja78c92c371,Noah Cecchi,M,102,2,"Cifras reales de 72 torneos (padelearnings.com + padelfip.com), no una estimación genérica",padelearnings.com + padelfip.com + padelapi.org · elaboración propia,True
2026-09-21,Jb7db9bba42,Blanca Puig Caballero,F,102,1,"Cifras reales de 72 torneos (padelearnings.com + padelfip.com), no una estimación genérica",padelearnings.com + padelfip.com + padelapi.org · elaboración propia,True
2026-09-21,J1eff741a2e,Tessa Nikkelen,F,102,1,"Cifras reales de 72 torneos (padelearnings.com + padelfip.com), no una estimación genérica",padelearnings.com + padelfip.com + padelapi.org · elaboración propia,True
2026-09-21,J79b63df228,Merel Van Houten,F,102,3,"Cifras reales de 72 torneos (padelearnings.com + padelfip.com), no una estimación genérica",padelearnings.com + padelfip.com + padelapi.org · elaboración propia,True
2026-09-21,Ja391e7287c,Linn Poels,F,102,1,"Cifras reales de 72 torneos (padelearnings.com + padelfip.com), no una estimación genérica",padelearnings.com + padelfip.com + padelapi.org · elaboración propia,True
2026-09-21,J546ea69eaf,Joyce Nouws,F,102,3,"Cifras reales de 72 torneos (padelearnings.com + padelfip.com), no una estimación genérica",padelearnings.com + padelfip.com + padelapi.org · elaboración propia,True
2026-09-21,Jd90b9dcbc5,Judith Van Kessel,F,102,1,"Cifras reales de 72 torneos (padelearnings.com + padelfip.com), no una estimación genérica",padelearnings.com + padelfip.com + padelapi.org · elaboración propia,True
2026-09-21,J77438a3809,Luciana Renic,F,102,1,"Cifras reales de 72 torneos (padelearnings.com + padelfip.com), no una estimación genérica",padelearnings.com + padelfip.com + padelapi.org · elaboración propia,True
2026-09-21,Ja74982b0cd,Alissa Schmitz,F,102,1,"Cifras reales de 72 torneos (padelearnings.com + padelfip.com), no una estimación genérica",padelearnings.com + padelfip.com + padelapi.org · elaboración propia,True
2026-09-21,J26f8714bcb,Flore De Smet,F,102,1,"Cifras reales de 72 torneos (padelearnings.com + padelfip.com), no una estimación genérica",padelearnings.com + padelfip.com + padelapi.org · elaboración propia,True
2026-09-21,J76e6c4ce1a,Louise Vanaudenaerde,F,102,1,"Cifras reales de 72 torneos (padelearnings.com + padelfip.com), no una estimación genérica",padelearnings.com + padelfip.com + padelapi.org · elaboración propia,True
2026-09-21,J58323abce1,Ricardo Martins,M,102,4,"Cifras reales de 72 torneos (padelearnings.com + padelfip.com), no una estimación genérica",padelearnings.com + padelfip.com + padelapi.org · elaboración propia,True
2026-09-21,Ja32a4e8c38,Mario Rodriguez Marcos,M,102,3,"Cifras reales de 72 torneos (padelearnings.com + padelfip.com), no una estimación genérica",padelearnings.com + padelfip.com + padelapi.org · elaboración propia,True
2026-09-21,J842e38628b,Gabriele Strolytė,F,102,4,"Cifras reales de 72 torneos (padelearnings.com + padelfip.com), no una estimación genérica",padelearnings.com + padelfip.com + padelapi.org · elaboración propia,True
2026-09-21,Jcc1e87bf94,Lars Du Pree,M,102,4,"Cifras reales de 72 torneos (padelearnings.com + padelfip.com), no una estimación genérica",padelearnings.com + padelfip.com + padelapi.org · elaboración propia,True
2026-09-21,Ja3847f6806,Bram Coene,M,102,2,"Cifras reales de 72 torneos (padelearnings.com + padelfip.com), no una estimación genérica",padelearnings.com + padelfip.com + padelapi.org · elaboración propia,True
2026-09-21,Jcf49398e92,Joris De Weerdt,M,102,2,"Cifras reales de 72 torneos (padelearnings.com + padelfip.com), no una estimación genérica",padelearnings.com + padelfip.com + padelapi.org · elaboración propia,True
2026-09-21,J015c16f14d,Hugo Lorenzo Serrano,M,102,6,"Cifras reales de 72 torneos (padelearnings.com + padelfip.com), no una estimación genérica",padelearnings.com + padelfip.com + padelapi.org · elaboración propia,True
2026-09-21,J2e16bc900a,Jort Nolten,M,102,3,"Cifras reales de 72 torneos (padelearnings.com + padelfip.com), no una estimación genérica",padelearnings.com + padelfip.com + padelapi.org · elaboración propia,True
2026-09-21,J9d48b7400f,Maxime De Roose,M,102,2,"Cifras reales de 72 torneos (padelearnings.com + padelfip.com), no una estimación genérica",padelearnings.com + padelfip.com + padelapi.org · elaboración propia,True
2026-09-21,J35af7e9e6e,Jorrit Hazebroek,M,102,6,"Cifras reales de 72 torneos (padelearnings.com + padelfip.com), no una estimación genérica",padelearnings.com + padelfip.com + padelapi.org · elaboración propia,True
2026-09-21,Jb7c843023f,Ignacio Tellez Rodriguez,M,102,2,"Cifras reales de 72 torneos (padelearnings.com + padelfip.com), no una estimación genérica",padelearnings.com + padelfip.com + padelapi.org · elaboración propia,True
2026-09-21,J05ef035f72,Daniel Blanco Dopazo,M,102,1,"Cifras reales de 72 torneos (padelearnings.com + padelfip.com), no una estimación genérica",padelearnings.com + padelfip.com + padelapi.org · elaboración propia,True
2026-09-21,Jda1d05f083,Samuel Delgado Blazquez,M,102,2,"Cifras reales de 72 torneos (padelearnings.com + padelfip.com), no una estimación genérica",padelearnings.com + padelfip.com + padelapi.org · elaboración propia,True
2026-09-21,J28845c3d3c,Marina Miguel Chaves,F,102,2,"Cifras reales de 72 torneos (padelearnings.com + padelfip.com), no una estimación genérica",padelearnings.com + padelfip.com + padelapi.org · elaboración propia,True
2026-09-21,Je96384b7ed,Paloma Albornoz,F,102,5,"Cifras reales de 72 torneos (padelearnings.com + padelfip.com), no una estimación genérica",padelearnings.com + padelfip.com + padelapi.org · elaboración propia,True
2026-09-21,J97f8606d91,Nerea Guerrero Gonzalez,F,102,1,"Cifras reales de 72 torneos (padelearnings.com + padelfip.com), no una estimación genérica",padelearnings.com + padelfip.com + padelapi.org · elaboración propia,True
2026-09-21,J2eaccdd563,Gema Flores Saucedo,F,102,3,"Cifras reales de 72 torneos (padelearnings.com + padelfip.com), no una estimación genérica",padelearnings.com + padelfip.com + padelapi.org · elaboración propia,True
2026-09-21,Jaa00c26441,Sofia Pastor Sebastian,F,102,2,"Cifras reales de 72 torneos (padelearnings.com + padelfip.com), no una estimación genérica",padelearnings.com + padelfip.com + padelapi.org · elaboración propia,True
2026-09-21,J38b5379fd6,Santiago Castro Varela,M,102,1,"Cifras reales de 72 torneos (padelearnings.com + padelfip.com), no una estimación genérica",padelearnings.com + padelfip.com + padelapi.org · elaboración propia,True
2026-09-21,J9fd33f768b,Iker Leal Juarez,M,102,1,"Cifras reales de 72 torneos (padelearnings.com + padelfip.com), no una estimación genérica",padelearnings.com + padelfip.com + padelapi.org · elaboración propia,True
2026-09-21,Jabd94cce3a,Nicholas Agritelley,M,102,1,"Cifras reales de 72 torneos (padelearnings.com + padelfip.com), no una estimación genérica",padelearnings.com + padelfip.com + padelapi.org · elaboración propia,True
2026-09-21,Jda1ff34d37,Sergio Conde Alba,M,102,1,"Cifras reales de 72 torneos (padelearnings.com + padelfip.com), no una estimación genérica",padelearnings.com + padelfip.com + padelapi.org · elaboración propia,True
2026-09-21,J988cbb5df0,Rafael Angel Estrella Melendez,M,102,1,"Cifras reales de 72 torneos (padelearnings.com + padelfip.com), no una estimación genérica",padelearnings.com + padelfip.com + padelapi.org · elaboración propia,True
2026-09-21,Je58ea32c47,Jeremie Euphrasie,M,102,1,"Cifras reales de 72 torneos (padelearnings.com + padelfip.com), no una estimación genérica",padelearnings.com + padelfip.com + padelapi.org · elaboración propia,True
2026-09-21,J3e39f1e42b,Jarrett Laabs,M,102,3,"Cifras reales de 72 torneos (padelearnings.com + padelfip.com), no una estimación genérica",padelearnings.com + padelfip.com + padelapi.org · elaboración propia,True
2026-09-21,Je07c443a1a,Jose Manuel Ortiz Llerena,M,102,5,"Cifras reales de 72 torneos (padelearnings.com + padelfip.com), no una estimación genérica",padelearnings.com + padelfip.com + padelapi.org · elaboración propia,True
2026-09-21,J9119720189,Mateusz Lipinski,M,102,2,"Cifras reales de 72 torneos (padelearnings.com + padelfip.com), no una estimación genérica",padelearnings.com + padelfip.com + padelapi.org · elaboración propia,True
2026-09-21,J4699ef1fe0,Ruth Petit Segarra,F,102,2,"Cifras reales de 72 torneos (padelearnings.com + padelfip.com), no una estimación genérica",padelearnings.com + padelfip.com + padelapi.org · elaboración propia,True
2026-09-21,J0a8df7c85e,Saana Saarteinen,F,102,2,"Cifras reales de 72 torneos (padelearnings.com + padelfip.com), no una estimación genérica",padelearnings.com + padelfip.com + padelapi.org · elaboración propia,True
2026-09-21,Jcafa9a1d88,Ella Sillanpää,F,102,2,"Cifras reales de 72 torneos (padelearnings.com + padelfip.com), no una estimación genérica",padelearnings.com + padelfip.com + padelapi.org · elaboración propia,True
2026-09-21,J4ca0ad04b4,Maria Teeriaho,F,102,2,"Cifras reales de 72 torneos (padelearnings.com + padelfip.com), no una estimación genérica",padelearnings.com + padelfip.com + padelapi.org · elaboración propia,True
2026-09-21,J8a17a25ea6,Merituuli Saarela,F,102,2,"Cifras reales de 72 torneos (padelearnings.com + padelfip.com), no una estimación genérica",padelearnings.com + padelfip.com + padelapi.org · elaboración propia,True
2026-09-21,Jaeeb6135de,Raul Jerez Miranda,M,102,2,"Cifras reales de 72 torneos (padelearnings.com + padelfip.com), no una estimación genérica",padelearnings.com + padelfip.com + padelapi.org · elaboración propia,True
2026-09-21,Jd4235940af,David Quiros Peiro,M,102,2,"Cifras reales de 72 torneos (padelearnings.com + padelfip.com), no una estimación genérica",padelearnings.com + padelfip.com + padelapi.org · elaboración propia,True
2026-09-21,J31101809ea,Kiarash Souri,M,102,1,"Cifras reales de 72 torneos (padelearnings.com + padelfip.com), no una estimación genérica",padelearnings.com + padelfip.com + padelapi.org · elaboración propia,True
2026-09-21,J68399d606e,Kwan Lam Vincent Chau,M,102,3,"Cifras reales de 72 torneos (padelearnings.com + padelfip.com), no una estimación genérica",padelearnings.com + padelfip.com + padelapi.org · elaboración propia,True
2026-09-21,Jb30a7d5e01,Lok Pui Lawrence Lo,M,102,2,"Cifras reales de 72 torneos (padelearnings.com + padelfip.com), no una estimación genérica",padelearnings.com + padelfip.com + padelapi.org · elaboración propia,True
2026-09-21,J347d276a6d,Facundo Erguy,M,102,2,"Cifras reales de 72 torneos (padelearnings.com + padelfip.com), no una estimación genérica",padelearnings.com + padelfip.com + padelapi.org · elaboración propia,True
2026-09-21,J3e22d98b1b,Anggia Shitta Awanda,F,102,1,"Cifras reales de 72 torneos (padelearnings.com + padelfip.com), no una estimación genérica",padelearnings.com + padelfip.com + padelapi.org · elaboración propia,True
2026-09-21,J76cca8ae70,Cindy Rahma Putri Rahma Putri,F,102,1,"Cifras reales de 72 torneos (padelearnings.com + padelfip.com), no una estimación genérica",padelearnings.com + padelfip.com + padelapi.org · elaboración propia,True
2026-09-21,J86e7a0c724,Kintan Pratiwi Anwar Anwar,F,102,1,"Cifras reales de 72 torneos (padelearnings.com + padelfip.com), no una estimación genérica",padelearnings.com + padelfip.com + padelapi.org · elaboración propia,True
2026-09-21,J8aca33afc7,Lucila Guerrero,F,102,2,"Cifras reales de 72 torneos (padelearnings.com + padelfip.com), no una estimación genérica",padelearnings.com + padelfip.com + padelapi.org · elaboración propia,True
2026-09-21,Jed7ac1f685,Carla Serrano Gonzalez,F,102,1,"Cifras reales de 72 torneos (padelearnings.com + padelfip.com), no una estimación genérica",padelearnings.com + padelfip.com + padelapi.org · elaboración propia,True
2026-09-21,Jd37c33691f,Austin Varghese,M,102,3,"Cifras reales de 72 torneos (padelearnings.com + padelfip.com), no una estimación genérica",padelearnings.com + padelfip.com + padelapi.org · elaboración propia,True
2026-09-21,J6221e464ae,Naser Al Obaidly,M,102,3,"Cifras reales de 72 torneos (padelearnings.com + padelfip.com), no una estimación genérica",padelearnings.com + padelfip.com + padelapi.org · elaboración propia,True
2026-09-21,J8110175f31,Ahmed Al Barwani,M,102,2,"Cifras reales de 72 torneos (padelearnings.com + padelfip.com), no una estimación genérica",padelearnings.com + padelfip.com + padelapi.org · elaboración propia,True
2026-09-21,Jc967024bae,Pelayo Bucero Sanchez,M,102,1,"Cifras reales de 72 torneos (padelearnings.com + padelfip.com), no una estimación genérica",padelearnings.com + padelfip.com + padelapi.org · elaboración propia,True
2026-09-21,J26d3131f77,Jordi Escriva Mateu,M,102,1,"Cifras reales de 72 torneos (padelearnings.com + padelfip.com), no una estimación genérica",padelearnings.com + padelfip.com + padelapi.org · elaboración propia,True
2026-09-21,Jeb05624245,Iván Iturbe Garrido,M,102,1,"Cifras reales de 72 torneos (padelearnings.com + padelfip.com), no una estimación genérica",padelearnings.com + padelfip.com + padelapi.org · elaboración propia,True
2026-09-21,Jca97d405f0,Blazej Sopolinski,M,102,1,"Cifras reales de 72 torneos (padelearnings.com + padelfip.com), no una estimación genérica",padelearnings.com + padelfip.com + padelapi.org · elaboración propia,True
2026-09-21,Jd0d1883f18,Liam De La Mare,M,102,1,"Cifras reales de 72 torneos (padelearnings.com + padelfip.com), no una estimación genérica",padelearnings.com + padelfip.com + padelapi.org · elaboración propia,True
2026-09-21,Jd9143dfbe2,Aaran Eastwood,M,102,1,"Cifras reales de 72 torneos (padelearnings.com + padelfip.com), no una estimación genérica",padelearnings.com + padelfip.com + padelapi.org · elaboración propia,True
2026-09-21,J60cb89831f,Angela Lorenzo Martin,F,102,1,"Cifras reales de 72 torneos (padelearnings.com + padelfip.com), no una estimación genérica",padelearnings.com + padelfip.com + padelapi.org · elaboración propia,True
2026-09-21,Je5d3a4743c,Eloise Tait,F,102,2,"Cifras reales de 72 torneos (padelearnings.com + padelfip.com), no una estimación genérica",padelearnings.com + padelfip.com + padelapi.org · elaboración propia,True
2026-09-21,J13eeed3ed1,Javier Rico,M,102,1,"Cifras reales de 72 torneos (padelearnings.com + padelfip.com), no una estimación genérica",padelearnings.com + padelfip.com + padelapi.org · elaboración propia,True
2026-09-21,J308c5872ab,Federico Nicolas Galarza,M,102,2,"Cifras reales de 72 torneos (padelearnings.com + padelfip.com), no una estimación genérica",padelearnings.com + padelfip.com + padelapi.org · elaboración propia,True
2026-09-21,J4e14ff2616,Alex Leira Gavilán,M,102,1,"Cifras reales de 72 torneos (padelearnings.com + padelfip.com), no una estimación genérica",padelearnings.com + padelfip.com + padelapi.org · elaboración propia,True
2026-09-21,J98f9da1dd9,Guillermo Closa Pucernau,M,102,1,"Cifras reales de 72 torneos (padelearnings.com + padelfip.com), no una estimación genérica",padelearnings.com + padelfip.com + padelapi.org · elaboración propia,True
2026-09-21,J35a07cab86,Aina Valls Izquierdo,F,102,1,"Cifras reales de 72 torneos (padelearnings.com + padelfip.com), no una estimación genérica",padelearnings.com + padelfip.com + padelapi.org · elaboración propia,True
2026-09-21,J48f717c7f7,Ariadna Valls Izquierdo,F,102,1,"Cifras reales de 72 torneos (padelearnings.com + padelfip.com), no una estimación genérica",padelearnings.com + padelfip.com + padelapi.org · elaboración propia,True
2026-09-21,Ja3e693b53f,Amaia Arteta,F,102,1,"Cifras reales de 72 torneos (padelearnings.com + padelfip.com), no una estimación genérica",padelearnings.com + padelfip.com + padelapi.org · elaboración propia,True
2026-09-21,Jc1ba9d9e4a,Aitana Solan Domenech,F,102,1,"Cifras reales de 72 torneos (padelearnings.com + padelfip.com), no una estimación genérica",padelearnings.com + padelfip.com + padelapi.org · elaboración propia,True
2026-09-21,Je3f0e397e3,Trinidad Del Real Bobadilla,F,102,2,"Cifras reales de 72 torneos (padelearnings.com + padelfip.com), no una estimación genérica",padelearnings.com + padelfip.com + padelapi.org · elaboración propia,True
2026-09-21,J6124aa9894,Relis Ferreyra,M,102,2,"Cifras reales de 72 torneos (padelearnings.com + padelfip.com), no una estimación genérica",padelearnings.com + padelfip.com + padelapi.org · elaboración propia,True
2026-09-21,Jf47a700458,Lucas Orduña Dejoz,M,102,2,"Cifras reales de 72 torneos (padelearnings.com + padelfip.com), no una estimación genérica",padelearnings.com + padelfip.com + padelapi.org · elaboración propia,True
2026-09-21,J93ecb1a056,Ferran Gonzalez Zamorano,M,102,2,"Cifras reales de 72 torneos (padelearnings.com + padelfip.com), no una estimación genérica",padelearnings.com + padelfip.com + padelapi.org · elaboración propia,True
2026-09-21,J7df0d54914,Janine Koleta,F,102,2,"Cifras reales de 72 torneos (padelearnings.com + padelfip.com), no una estimación genérica",padelearnings.com + padelfip.com + padelapi.org · elaboración propia,True
2026-09-21,Jbfc14e26eb,Mara Lemes Lemes,F,102,3,"Cifras reales de 72 torneos (padelearnings.com + padelfip.com), no una estimación genérica",padelearnings.com + padelfip.com + padelapi.org · elaboración propia,True
2026-09-21,J313f5232f4,Sebastian Nair Rodriguez,M,102,1,"Cifras reales de 72 torneos (padelearnings.com + padelfip.com), no una estimación genérica",padelearnings.com + padelfip.com + padelapi.org · elaboración propia,True
2026-09-21,J2a4c8dcc84,Marcio Andre Crizel,M,102,1,"Cifras reales de 72 torneos (padelearnings.com + padelfip.com), no una estimación genérica",padelearnings.com + padelfip.com + padelapi.org · elaboración propia,True
2026-09-21,Ja292d956fc,Anderson Haygert,M,102,1,"Cifras reales de 72 torneos (padelearnings.com + padelfip.com), no una estimación genérica",padelearnings.com + padelfip.com + padelapi.org · elaboración propia,True
2026-09-21,J9f2fba878a,Matheus De Avila Simonato,M,102,2,"Cifras reales de 72 torneos (padelearnings.com + padelfip.com), no una estimación genérica",padelearnings.com + padelfip.com + padelapi.org · elaboración propia,True
2026-09-21,J1929f8e646,Diogo Correa Rodrigues,M,102,1,"Cifras reales de 72 torneos (padelearnings.com + padelfip.com), no una estimación genérica",padelearnings.com + padelfip.com + padelapi.org · elaboración propia,True
2026-09-21,J1c6337c78e,Martin Araujo De Lizarza,M,102,2,"Cifras reales de 72 torneos (padelearnings.com + padelfip.com), no una estimación genérica",padelearnings.com + padelfip.com + padelapi.org · elaboración propia,True
2026-09-21,J02fc5bd80b,Leonardo Bogo Marcatto,M,102,1,"Cifras reales de 72 torneos (padelearnings.com + padelfip.com), no una estimación genérica",padelearnings.com + padelfip.com + padelapi.org · elaboración propia,True
2026-09-21,Jd8b8edc5c4,Michel Diniz,M,102,1,"Cifras reales de 72 torneos (padelearnings.com + padelfip.com), no una estimación genérica",padelearnings.com + padelfip.com + padelapi.org · elaboración propia,True
2026-09-21,Je1e4730c54,Gonzalo Escobar,M,102,1,"Cifras reales de 72 torneos (padelearnings.com + padelfip.com), no una estimación genérica",padelearnings.com + padelfip.com + padelapi.org · elaboración propia,True
2026-09-21,J639af4f921,Leonardo Becker,M,102,2,"Cifras reales de 72 torneos (padelearnings.com + padelfip.com), no una estimación genérica",padelearnings.com + padelfip.com + padelapi.org · elaboración propia,True
2026-09-21,Jd61cd85fb2,Renan Lobo Bosco,M,102,2,"Cifras reales de 72 torneos (padelearnings.com + padelfip.com), no una estimación genérica",padelearnings.com + padelfip.com + padelapi.org · elaboración propia,True
2026-09-21,J47a41ed84e,Francisca Bragança,F,102,4,"Cifras reales de 72 torneos (padelearnings.com + padelfip.com), no una estimación genérica",padelearnings.com + padelfip.com + padelapi.org · elaboración propia,True
2026-09-21,Jd24b301d32,Katie Nolan,F,102,1,"Cifras reales de 72 torneos (padelearnings.com + padelfip.com), no una estimación genérica",padelearnings.com + padelfip.com + padelapi.org · elaboración propia,True
2026-09-21,Jfac3d4d096,Jaime Menendez,M,102,1,"Cifras reales de 72 torneos (padelearnings.com + padelfip.com), no una estimación genérica",padelearnings.com + padelfip.com + padelapi.org · elaboración propia,True
2026-09-21,J5823eae705,Jonas Jan Hoffman,M,102,1,"Cifras reales de 72 torneos (padelearnings.com + padelfip.com), no una estimación genérica",padelearnings.com + padelfip.com + padelapi.org · elaboración propia,True
2026-09-21,J9813703169,Simon Dvorak,M,102,1,"Cifras reales de 72 torneos (padelearnings.com + padelfip.com), no una estimación genérica",padelearnings.com + padelfip.com + padelapi.org · elaboración propia,True
2026-09-21,J690738082f,Oscar Jacobson,M,102,2,"Cifras reales de 72 torneos (padelearnings.com + padelfip.com), no una estimación genérica",padelearnings.com + padelfip.com + padelapi.org · elaboración propia,True
2026-09-21,Jd277630d67,Oliver Jacobson,M,102,2,"Cifras reales de 72 torneos (padelearnings.com + padelfip.com), no una estimación genérica",padelearnings.com + padelfip.com + padelapi.org · elaboración propia,True
2026-09-21,J8d431f856a,Rosie Pooley,F,102,2,"Cifras reales de 72 torneos (padelearnings.com + padelfip.com), no una estimación genérica",padelearnings.com + padelfip.com + padelapi.org · elaboración propia,True
2026-09-21,Je76f11f7f9,Claudette Gilhespie,F,102,2,"Cifras reales de 72 torneos (padelearnings.com + padelfip.com), no una estimación genérica",padelearnings.com + padelfip.com + padelapi.org · elaboración propia,True
2026-09-21,Jcff4c5b152,Alfonso Patacho,M,102,2,"Cifras reales de 72 torneos (padelearnings.com + padelfip.com), no una estimación genérica",padelearnings.com + padelfip.com + padelapi.org · elaboración propia,True
2026-09-21,J00de2e2b8c,Tibo De Vylder,M,102,1,"Cifras reales de 72 torneos (padelearnings.com + padelfip.com), no una estimación genérica",padelearnings.com + padelfip.com + padelapi.org · elaboración propia,True
2026-09-21,J43fbc495c8,Ornella Hitimana,F,102,1,"Cifras reales de 72 torneos (padelearnings.com + padelfip.com), no una estimación genérica",padelearnings.com + padelfip.com + padelapi.org · elaboración propia,True
2026-09-21,J7b1e64c8bd,Alicia Keppenne,F,102,1,"Cifras reales de 72 torneos (padelearnings.com + padelfip.com), no una estimación genérica",padelearnings.com + padelfip.com + padelapi.org · elaboración propia,True
2026-09-21,J00358ef509,Axelle Moens,F,102,2,"Cifras reales de 72 torneos (padelearnings.com + padelfip.com), no una estimación genérica",padelearnings.com + padelfip.com + padelapi.org · elaboración propia,True
2026-09-21,J245fabb12e,Michelle Van Mol,F,102,1,"Cifras reales de 72 torneos (padelearnings.com + padelfip.com), no una estimación genérica",padelearnings.com + padelfip.com + padelapi.org · elaboración propia,True
2026-09-21,J9525c0d1c6,Anneleen De Cock,F,102,1,"Cifras reales de 72 torneos (padelearnings.com + padelfip.com), no una estimación genérica",padelearnings.com + padelfip.com + padelapi.org · elaboración propia,True
2026-09-21,J0fe38c2ed1,Willeke Pas,F,102,1,"Cifras reales de 72 torneos (padelearnings.com + padelfip.com), no una estimación genérica",padelearnings.com + padelfip.com + padelapi.org · elaboración propia,True
2026-09-21,J18336f1ab5,Tessa Van Puyvelde,F,102,1,"Cifras reales de 72 torneos (padelearnings.com + padelfip.com), no una estimación genérica",padelearnings.com + padelfip.com + padelapi.org · elaboración propia,True
2026-09-21,J305cfc43d6,Victor Rodriguez Gauthier,M,102,4,"Cifras reales de 72 torneos (padelearnings.com + padelfip.com), no una estimación genérica",padelearnings.com + padelfip.com + padelapi.org · elaboración propia,True
2026-09-21,J2fd9244466,Kwok Shun Dasson Chan,M,102,1,"Cifras reales de 72 torneos (padelearnings.com + padelfip.com), no una estimación genérica",padelearnings.com + padelfip.com + padelapi.org · elaboración propia,True
2026-09-21,J737aa7adb9,Kwok Ting Makson Chan,M,102,1,"Cifras reales de 72 torneos (padelearnings.com + padelfip.com), no una estimación genérica",padelearnings.com + padelfip.com + padelapi.org · elaboración propia,True
2026-09-21,J832cf6723d,Younis Al Rawahi,M,102,1,"Cifras reales de 72 torneos (padelearnings.com + padelfip.com), no una estimación genérica",padelearnings.com + padelfip.com + padelapi.org · elaboración propia,True
2026-09-21,Jabb6999d5e,Abdullah Al Barwani,M,102,1,"Cifras reales de 72 torneos (padelearnings.com + padelfip.com), no una estimación genérica",padelearnings.com + padelfip.com + padelapi.org · elaboración propia,True
2026-09-21,J9c859b0a60,Theau Miklarz Ribeiro,M,102,3,"Cifras reales de 72 torneos (padelearnings.com + padelfip.com), no una estimación genérica",padelearnings.com + padelfip.com + padelapi.org · elaboración propia,True
2026-09-21,Jf5c3750bc0,Alex Romero Alegre,M,102,1,"Cifras reales de 72 torneos (padelearnings.com + padelfip.com), no una estimación genérica",padelearnings.com + padelfip.com + padelapi.org · elaboración propia,True
2026-09-21,J0045a54102,Wang Ying,F,102,1,"Cifras reales de 72 torneos (padelearnings.com + padelfip.com), no una estimación genérica",padelearnings.com + padelfip.com + padelapi.org · elaboración propia,True
2026-09-21,Jaabde89411,Aram Kocharyan,M,102,2,"Cifras reales de 72 torneos (padelearnings.com + padelfip.com), no una estimación genérica",padelearnings.com + padelfip.com + padelapi.org · elaboración propia,True
2026-09-21,Jcc0eed31b1,Adam Ottosson,M,102,1,"Cifras reales de 72 torneos (padelearnings.com + padelfip.com), no una estimación genérica",padelearnings.com + padelfip.com + padelapi.org · elaboración propia,True
2026-09-21,J0c3cdc7241,Peter Bothwell,M,102,1,"Cifras reales de 72 torneos (padelearnings.com + padelfip.com), no una estimación genérica",padelearnings.com + padelfip.com + padelapi.org · elaboración propia,True
2026-09-21,J13de85532b,Sam Bothwell,M,102,1,"Cifras reales de 72 torneos (padelearnings.com + padelfip.com), no una estimación genérica",padelearnings.com + padelfip.com + padelapi.org · elaboración propia,True
2026-09-21,J08c9557352,Nicole Erato,F,102,1,"Cifras reales de 72 torneos (padelearnings.com + padelfip.com), no una estimación genérica",padelearnings.com + padelfip.com + padelapi.org · elaboración propia,True
2026-09-21,Jbc42aa6ba3,Alba Payeras Soler,F,102,1,"Cifras reales de 72 torneos (padelearnings.com + padelfip.com), no una estimación genérica",padelearnings.com + padelfip.com + padelapi.org · elaboración propia,True
2026-09-21,Jf9ad5fa6cc,Olivia Çiftçi,F,102,3,"Cifras reales de 72 torneos (padelearnings.com + padelfip.com), no una estimación genérica",padelearnings.com + padelfip.com + padelapi.org · elaboración propia,True
2026-09-21,Je8c72bc309,Eleonora Cenci,F,102,1,"Cifras reales de 72 torneos (padelearnings.com + padelfip.com), no una estimación genérica",padelearnings.com + padelfip.com + padelapi.org · elaboración propia,True
2026-09-21,Jc281d0606b,Maddalena Cini,F,102,1,"Cifras reales de 72 torneos (padelearnings.com + padelfip.com), no una estimación genérica",padelearnings.com + padelfip.com + padelapi.org · elaboración propia,True
2026-09-21,J05eef51182,Nojus Poska,M,102,3,"Cifras reales de 72 torneos (padelearnings.com + padelfip.com), no una estimación genérica",padelearnings.com + padelfip.com + padelapi.org · elaboración propia,True
2026-09-21,J56a8937e90,Edoardo Lecchi,M,102,2,"Cifras reales de 72 torneos (padelearnings.com + padelfip.com), no una estimación genérica",padelearnings.com + padelfip.com + padelapi.org · elaboración propia,True
2026-09-21,Jf4f23386c9,Ignacio Miguel Corbo,M,102,6,"Cifras reales de 72 torneos (padelearnings.com + padelfip.com), no una estimación genérica",padelearnings.com + padelfip.com + padelapi.org · elaboración propia,True
2026-09-21,Jb7f738f68c,Antonio Palma,M,102,3,"Cifras reales de 72 torneos (padelearnings.com + padelfip.com), no una estimación genérica",padelearnings.com + padelfip.com + padelapi.org · elaboración propia,True
2026-09-21,Jc8233acd15,Cyrine Hamrouni,F,102,1,"Cifras reales de 72 torneos (padelearnings.com + padelfip.com), no una estimación genérica",padelearnings.com + padelfip.com + padelapi.org · elaboración propia,True
2026-09-21,J3ffe70dd36,Vladyslava Zanosiienko,F,102,1,"Cifras reales de 72 torneos (padelearnings.com + padelfip.com), no una estimación genérica",padelearnings.com + padelfip.com + padelapi.org · elaboración propia,True
2026-09-21,J73a91f37b4,Kateryna Yegoreychenko,F,102,1,"Cifras reales de 72 torneos (padelearnings.com + padelfip.com), no una estimación genérica",padelearnings.com + padelfip.com + padelapi.org · elaboración propia,True
2026-09-21,J3f1e10d027,Eloïse Marais,F,102,1,"Cifras reales de 72 torneos (padelearnings.com + padelfip.com), no una estimación genérica",padelearnings.com + padelfip.com + padelapi.org · elaboración propia,True
2026-09-21,J5c20f28326,Hugo Girona Diaz,M,102,1,"Cifras reales de 72 torneos (padelearnings.com + padelfip.com), no una estimación genérica",padelearnings.com + padelfip.com + padelapi.org · elaboración propia,True
2026-09-21,Ja15631a509,Pedro Gonzalez Martin,M,102,1,"Cifras reales de 72 torneos (padelearnings.com + padelfip.com), no una estimación genérica",padelearnings.com + padelfip.com + padelapi.org · elaboración propia,True
2026-09-21,J6da328f784,Nikolas Frost,M,102,2,"Cifras reales de 72 torneos (padelearnings.com + padelfip.com), no una estimación genérica",padelearnings.com + padelfip.com + padelapi.org · elaboración propia,True
2026-09-21,Jff48474fbe,Linus Frost,M,102,1,"Cifras reales de 72 torneos (padelearnings.com + padelfip.com), no una estimación genérica",padelearnings.com + padelfip.com + padelapi.org · elaboración propia,True
2026-09-21,J0ee818657c,Gustav Eriksson,M,102,1,"Cifras reales de 72 torneos (padelearnings.com + padelfip.com), no una estimación genérica",padelearnings.com + padelfip.com + padelapi.org · elaboración propia,True
2026-09-21,Jee163d1b2b,Antonio Gonzalez,M,102,2,"Cifras reales de 72 torneos (padelearnings.com + padelfip.com), no una estimación genérica",padelearnings.com + padelfip.com + padelapi.org · elaboración propia,True
2026-09-21,J3ef0d22cd7,Christoffer Persson,M,102,1,"Cifras reales de 72 torneos (padelearnings.com + padelfip.com), no una estimación genérica",padelearnings.com + padelfip.com + padelapi.org · elaboración propia,True
2026-09-21,J46d35cf93d,Anton Mickelsson,M,102,1,"Cifras reales de 72 torneos (padelearnings.com + padelfip.com), no una estimación genérica",padelearnings.com + padelfip.com + padelapi.org · elaboración propia,True
2026-09-21,J3ed1bfd30e,Camilla Møller,F,102,1,"Cifras reales de 72 torneos (padelearnings.com + padelfip.com), no una estimación genérica",padelearnings.com + padelfip.com + padelapi.org · elaboración propia,True
2026-09-21,J1aaac34b6f,Tea Hylander,F,102,1,"Cifras reales de 72 torneos (padelearnings.com + padelfip.com), no una estimación genérica",padelearnings.com + padelfip.com + padelapi.org · elaboración propia,True
2026-09-21,Jd6a91cfcb8,Filippa Vial,F,102,1,"Cifras reales de 72 torneos (padelearnings.com + padelfip.com), no una estimación genérica",padelearnings.com + padelfip.com + padelapi.org · elaboración propia,True
2026-09-21,J4e21f1e962,Alexandra Pils,F,102,1,"Cifras reales de 72 torneos (padelearnings.com + padelfip.com), no una estimación genérica",padelearnings.com + padelfip.com + padelapi.org · elaboración propia,True
2026-09-21,J66b0c891b0,Sandra Wallin,F,102,1,"Cifras reales de 72 torneos (padelearnings.com + padelfip.com), no una estimación genérica",padelearnings.com + padelfip.com + padelapi.org · elaboración propia,True
2026-09-21,J2949717af3,Ajla Behram,F,102,1,"Cifras reales de 72 torneos (padelearnings.com + padelfip.com), no una estimación genérica",padelearnings.com + padelfip.com + padelapi.org · elaboración propia,True
2026-09-21,J81dd1ab211,Mie Skov,F,102,1,"Cifras reales de 72 torneos (padelearnings.com + padelfip.com), no una estimación genérica",padelearnings.com + padelfip.com + padelapi.org · elaboración propia,True
2026-09-21,Jfeb221a65a,Diana Lemeshko,F,102,3,"Cifras reales de 72 torneos (padelearnings.com + padelfip.com), no una estimación genérica",padelearnings.com + padelfip.com + padelapi.org · elaboración propia,True
2026-09-21,J0e4841a8e7,Zoe Andersson,F,102,1,"Cifras reales de 72 torneos (padelearnings.com + padelfip.com), no una estimación genérica",padelearnings.com + padelfip.com + padelapi.org · elaboración propia,True
2026-09-21,Jc01ce1f938,Silje Kjaergaard,F,102,1,"Cifras reales de 72 torneos (padelearnings.com + padelfip.com), no una estimación genérica",padelearnings.com + padelfip.com + padelapi.org · elaboración propia,True
2026-09-21,Je32bac2f69,Alejandro Navas Balaguer,M,102,3,"Cifras reales de 72 torneos (padelearnings.com + padelfip.com), no una estimación genérica",padelearnings.com + padelfip.com + padelapi.org · elaboración propia,True
2026-09-21,J4c89df7435,Alvaro Martinez Espi,M,102,1,"Cifras reales de 72 torneos (padelearnings.com + padelfip.com), no una estimación genérica",padelearnings.com + padelfip.com + padelapi.org · elaboración propia,True
2026-09-21,Jd914f12da2,Jose Roman Martinez Sanchis,M,102,1,"Cifras reales de 72 torneos (padelearnings.com + padelfip.com), no una estimación genérica",padelearnings.com + padelfip.com + padelapi.org · elaboración propia,True
2026-09-21,J7b4205c058,German Rodriguez Quesada,M,102,2,"Cifras reales de 72 torneos (padelearnings.com + padelfip.com), no una estimación genérica",padelearnings.com + padelfip.com + padelapi.org · elaboración propia,True
2026-09-21,Jf6787cd40b,Lucas Danuzzo,M,102,3,"Cifras reales de 72 torneos (padelearnings.com + padelfip.com), no una estimación genérica",padelearnings.com + padelfip.com + padelapi.org · elaboración propia,True
2026-09-21,J821a58d749,Izabela Kunat,F,102,1,"Cifras reales de 72 torneos (padelearnings.com + padelfip.com), no una estimación genérica",padelearnings.com + padelfip.com + padelapi.org · elaboración propia,True
2026-09-21,Jb60c3d6eb5,Sophie Bray,F,102,1,"Cifras reales de 72 torneos (padelearnings.com + padelfip.com), no una estimación genérica",padelearnings.com + padelfip.com + padelapi.org · elaboración propia,True
2026-09-21,Jc1a9d0872f,Kace Bartley,F,102,1,"Cifras reales de 72 torneos (padelearnings.com + padelfip.com), no una estimación genérica",padelearnings.com + padelfip.com + padelapi.org · elaboración propia,True
2026-09-21,Ja8d63eb236,Daisy Maclean,F,102,1,"Cifras reales de 72 torneos (padelearnings.com + padelfip.com), no una estimación genérica",padelearnings.com + padelfip.com + padelapi.org · elaboración propia,True
2026-09-21,Jc794a8fcbd,Kerry White,F,102,1,"Cifras reales de 72 torneos (padelearnings.com + padelfip.com), no una estimación genérica",padelearnings.com + padelfip.com + padelapi.org · elaboración propia,True
2026-09-21,J455d2192e9,Sara Garrido Rodríguez,F,102,1,"Cifras reales de 72 torneos (padelearnings.com + padelfip.com), no una estimación genérica",padelearnings.com + padelfip.com + padelapi.org · elaboración propia,True
2026-09-21,Jef5ddeabe2,Celina Ermann,F,102,1,"Cifras reales de 72 torneos (padelearnings.com + padelfip.com), no una estimación genérica",padelearnings.com + padelfip.com + padelapi.org · elaboración propia,True
2026-09-21,Jae5228db16,Jovana Knezevic,F,102,2,"Cifras reales de 72 torneos (padelearnings.com + padelfip.com), no una estimación genérica",padelearnings.com + padelfip.com + padelapi.org · elaboración propia,True
2026-09-21,J30349795db,Adrian Garcia Caballero,M,102,1,"Cifras reales de 72 torneos (padelearnings.com + padelfip.com), no una estimación genérica",padelearnings.com + padelfip.com + padelapi.org · elaboración propia,True
2026-09-21,Jc3e5ac6b21,João Francisco Gomes Dos Santos Fernandes,M,102,1,"Cifras reales de 72 torneos (padelearnings.com + padelfip.com), no una estimación genérica",padelearnings.com + padelfip.com + padelapi.org · elaboración propia,True
2026-09-21,Jdd76412f9b,Iris Garcías Leandro,F,102,1,"Cifras reales de 72 torneos (padelearnings.com + padelfip.com), no una estimación genérica",padelearnings.com + padelfip.com + padelapi.org · elaboración propia,True
2026-09-21,J0b2e0fd887,Daniele Catini,M,102,3,"Cifras reales de 72 torneos (padelearnings.com + padelfip.com), no una estimación genérica",padelearnings.com + padelfip.com + padelapi.org · elaboración propia,True
2026-09-21,J71488661db,Francesco Spurio,M,102,2,"Cifras reales de 72 torneos (padelearnings.com + padelfip.com), no una estimación genérica",padelearnings.com + padelfip.com + padelapi.org · elaboración propia,True
2026-09-21,Jf7f9d0a624,Edoardo Riso,M,102,2,"Cifras reales de 72 torneos (padelearnings.com + padelfip.com), no una estimación genérica",padelearnings.com + padelfip.com + padelapi.org · elaboración propia,True
2026-09-21,J21da859d90,Noe Sanchez Del Viejo,M,102,2,"Cifras reales de 72 torneos (padelearnings.com + padelfip.com), no una estimación genérica",padelearnings.com + padelfip.com + padelapi.org · elaboración propia,True
2026-09-21,Jd57f59d3c0,Ryan Rymarczyk,M,102,1,"Cifras reales de 72 torneos (padelearnings.com + padelfip.com), no una estimación genérica",padelearnings.com + padelfip.com + padelapi.org · elaboración propia,True
2026-09-21,Je2d3e2c904,Aaron Cohen,M,102,1,"Cifras reales de 72 torneos (padelearnings.com + padelfip.com), no una estimación genérica",padelearnings.com + padelfip.com + padelapi.org · elaboración propia,True
2026-09-21,Jf4e1561175,Noam Cohen,M,102,1,"Cifras reales de 72 torneos (padelearnings.com + padelfip.com), no una estimación genérica",padelearnings.com + padelfip.com + padelapi.org · elaboración propia,True
2026-09-21,J455e5a5acb,Islam Ghunaim,M,102,2,"Cifras reales de 72 torneos (padelearnings.com + padelfip.com), no una estimación genérica",padelearnings.com + padelfip.com + padelapi.org · elaboración propia,True
2026-09-21,J3ebedcc993,Ana Belec,F,102,1,"Cifras reales de 72 torneos (padelearnings.com + padelfip.com), no una estimación genérica",padelearnings.com + padelfip.com + padelapi.org · elaboración propia,True
2026-09-21,Jd2008f9c20,Nicole Borzecka,F,102,1,"Cifras reales de 72 torneos (padelearnings.com + padelfip.com), no una estimación genérica",padelearnings.com + padelfip.com + padelapi.org · elaboración propia,True
2026-09-21,J51fa8700c0,Adi Maimon,F,102,1,"Cifras reales de 72 torneos (padelearnings.com + padelfip.com), no una estimación genérica",padelearnings.com + padelfip.com + padelapi.org · elaboración propia,True
2026-09-21,J8ecd3cfa0c,Or Battach,F,102,1,"Cifras reales de 72 torneos (padelearnings.com + padelfip.com), no una estimación genérica",padelearnings.com + padelfip.com + padelapi.org · elaboración propia,True
2026-09-21,J7a56867454,Yikun Chen,F,102,1,"Cifras reales de 72 torneos (padelearnings.com + padelfip.com), no una estimación genérica",padelearnings.com + padelfip.com + padelapi.org · elaboración propia,True
2026-09-21,Jeef68c9caf,Iryna Shemyakina,F,102,1,"Cifras reales de 72 torneos (padelearnings.com + padelfip.com), no una estimación genérica",padelearnings.com + padelfip.com + padelapi.org · elaboración propia,True
2026-09-21,J58d4f8a159,Juan Pablo Andrada,M,102,2,"Cifras reales de 72 torneos (padelearnings.com + padelfip.com), no una estimación genérica",padelearnings.com + padelfip.com + padelapi.org · elaboración propia,True
2026-09-21,J1de04e6340,Nicolas Suescun,M,102,2,"Cifras reales de 72 torneos (padelearnings.com + padelfip.com), no una estimación genérica",padelearnings.com + padelfip.com + padelapi.org · elaboración propia,True
2026-09-21,J3e334fe26f,Cristobal Martinez,M,102,2,"Cifras reales de 72 torneos (padelearnings.com + padelfip.com), no una estimación genérica",padelearnings.com + padelfip.com + padelapi.org · elaboración propia,True
2026-09-21,Jc780aaeb73,Carla Aguila Tello,F,102,1,"Cifras reales de 72 torneos (padelearnings.com + padelfip.com), no una estimación genérica",padelearnings.com + padelfip.com + padelapi.org · elaboración propia,True
2026-09-21,Jc4a848b76a,Marta Suñer Mas,F,102,1,"Cifras reales de 72 torneos (padelearnings.com + padelfip.com), no una estimación genérica",padelearnings.com + padelfip.com + padelapi.org · elaboración propia,True
2026-09-21,Je15dc8b00a,Jose Manuel Lillo Albertos,M,102,1,"Cifras reales de 72 torneos (padelearnings.com + padelfip.com), no una estimación genérica",padelearnings.com + padelfip.com + padelapi.org · elaboración propia,True
2026-09-21,Jaa30996ce0,Alejandro Tasa Van Beek,M,102,2,"Cifras reales de 72 torneos (padelearnings.com + padelfip.com), no una estimación genérica",padelearnings.com + padelfip.com + padelapi.org · elaboración propia,True
2026-09-21,J39b7b07f70,Juan Figueroa Ayala,M,102,1,"Cifras reales de 72 torneos (padelearnings.com + padelfip.com), no una estimación genérica",padelearnings.com + padelfip.com + padelapi.org · elaboración propia,True
2026-09-21,Ja20ac824d2,Javier Eloy Perez Perez,M,102,1,"Cifras reales de 72 torneos (padelearnings.com + padelfip.com), no una estimación genérica",padelearnings.com + padelfip.com + padelapi.org · elaboración propia,True
2026-09-21,Je91bb65d35,Hayato Nakayashiki,M,102,2,"Cifras reales de 72 torneos (padelearnings.com + padelfip.com), no una estimación genérica",padelearnings.com + padelfip.com + padelapi.org · elaboración propia,True
2026-09-21,J6762fa2876,Cecilia Pattacini,F,102,1,"Cifras reales de 72 torneos (padelearnings.com + padelfip.com), no una estimación genérica",padelearnings.com + padelfip.com + padelapi.org · elaboración propia,True
2026-09-21,Jc56e285beb,Francesca Scrinzi,F,102,1,"Cifras reales de 72 torneos (padelearnings.com + padelfip.com), no una estimación genérica",padelearnings.com + padelfip.com + padelapi.org · elaboración propia,True
2026-09-21,J0bcedc888c,Giulia Pasini,F,102,1,"Cifras reales de 72 torneos (padelearnings.com + padelfip.com), no una estimación genérica",padelearnings.com + padelfip.com + padelapi.org · elaboración propia,True
2026-09-21,J88f94069fb,Benedetta Davato,F,102,1,"Cifras reales de 72 torneos (padelearnings.com + padelfip.com), no una estimación genérica",padelearnings.com + padelfip.com + padelapi.org · elaboración propia,True
2026-09-21,J0a5c46b0eb,Antonio Tricarico,M,102,1,"Cifras reales de 72 torneos (padelearnings.com + padelfip.com), no una estimación genérica",padelearnings.com + padelfip.com + padelapi.org · elaboración propia,True
2026-09-21,J886e654ea1,Umberto Prezioso,M,102,1,"Cifras reales de 72 torneos (padelearnings.com + padelfip.com), no una estimación genérica",padelearnings.com + padelfip.com + padelapi.org · elaboración propia,True
2026-09-21,J2fa964afcc,Aron Stajszczak,M,102,1,"Cifras reales de 72 torneos (padelearnings.com + padelfip.com), no una estimación genérica",padelearnings.com + padelfip.com + padelapi.org · elaboración propia,True
2026-09-21,J78dc3f5ef8,Prakhyath Kc,M,102,1,"Cifras reales de 72 torneos (padelearnings.com + padelfip.com), no una estimación genérica",padelearnings.com + padelfip.com + padelapi.org · elaboración propia,True
2026-09-21,J2b835bd3bb,Omar Sumar,M,102,1,"Cifras reales de 72 torneos (padelearnings.com + padelfip.com), no una estimación genérica",padelearnings.com + padelfip.com + padelapi.org · elaboración propia,True
2026-09-21,J3d8032033f,Manav Sreekumar,M,102,1,"Cifras reales de 72 torneos (padelearnings.com + padelfip.com), no una estimación genérica",padelearnings.com + padelfip.com + padelapi.org · elaboración propia,True
2026-09-21,Jc968a03b7d,Fredrik Lonnqvist,M,102,1,"Cifras reales de 72 torneos (padelearnings.com + padelfip.com), no una estimación genérica",padelearnings.com + padelfip.com + padelapi.org · elaboración propia,True
2026-09-21,J3056bcc865,Alicja Domagalska,F,102,1,"Cifras reales de 72 torneos (padelearnings.com + padelfip.com), no una estimación genérica",padelearnings.com + padelfip.com + padelapi.org · elaboración propia,True
2026-09-21,J793ac564f6,Vaibhavi Deshmukh,F,102,1,"Cifras reales de 72 torneos (padelearnings.com + padelfip.com), no una estimación genérica",padelearnings.com + padelfip.com + padelapi.org · elaboración propia,True
2026-09-21,Je4ec0043ef,Thomas Zumelzu,M,102,1,"Cifras reales de 72 torneos (padelearnings.com + padelfip.com), no una estimación genérica",padelearnings.com + padelfip.com + padelapi.org · elaboración propia,True
2026-09-21,J324ca54117,Bommanhin Felix Ange Romaric Boblei,M,102,1,"Cifras reales de 72 torneos (padelearnings.com + padelfip.com), no una estimación genérica",padelearnings.com + padelfip.com + padelapi.org · elaboración propia,True
2026-09-21,Jdbdebe8497,Mohamed Dolo,M,102,1,"Cifras reales de 72 torneos (padelearnings.com + padelfip.com), no una estimación genérica",padelearnings.com + padelfip.com + padelapi.org · elaboración propia,True
2026-09-21,Jca6bf3bc06,Wael Ezzedine,M,102,1,"Cifras reales de 72 torneos (padelearnings.com + padelfip.com), no una estimación genérica",padelearnings.com + padelfip.com + padelapi.org · elaboración propia,True
2026-09-21,J1afd1174ea,Oumar Ka,M,102,1,"Cifras reales de 72 torneos (padelearnings.com + padelfip.com), no una estimación genérica",padelearnings.com + padelfip.com + padelapi.org · elaboración propia,True
2026-09-21,J322ba926e2,Frederic Lageat,M,102,1,"Cifras reales de 72 torneos (padelearnings.com + padelfip.com), no una estimación genérica",padelearnings.com + padelfip.com + padelapi.org · elaboración propia,True
2026-09-21,J9075461162,Fabrice Lageat,M,102,1,"Cifras reales de 72 torneos (padelearnings.com + padelfip.com), no una estimación genérica",padelearnings.com + padelfip.com + padelapi.org · elaboración propia,True
2026-09-21,J8474190c1f,Mehdi Elloumi,M,102,1,"Cifras reales de 72 torneos (padelearnings.com + padelfip.com), no una estimación genérica",padelearnings.com + padelfip.com + padelapi.org · elaboración propia,True
2026-09-21,Jfeb9742e5a,Javier Redondo Mendez,M,102,1,"Cifras reales de 72 torneos (padelearnings.com + padelfip.com), no una estimación genérica",padelearnings.com + padelfip.com + padelapi.org · elaboración propia,True
2026-09-21,J18f69820b9,Jauresse Kouamé,F,102,1,"Cifras reales de 72 torneos (padelearnings.com + padelfip.com), no una estimación genérica",padelearnings.com + padelfip.com + padelapi.org · elaboración propia,True
2026-09-21,J99eee51ae8,Sadjo Coulibaly,F,102,1,"Cifras reales de 72 torneos (padelearnings.com + padelfip.com), no una estimación genérica",padelearnings.com + padelfip.com + padelapi.org · elaboración propia,True
2026-09-21,J7cf841c26a,Gaelle Gautier,F,102,1,"Cifras reales de 72 torneos (padelearnings.com + padelfip.com), no una estimación genérica",padelearnings.com + padelfip.com + padelapi.org · elaboración propia,True
2026-09-21,Jf47c4db61e,Afaf Byad,F,102,1,"Cifras reales de 72 torneos (padelearnings.com + padelfip.com), no una estimación genérica",padelearnings.com + padelfip.com + padelapi.org · elaboración propia,True
2026-09-21,J7b343c8959,Mariam Akkouch,F,102,1,"Cifras reales de 72 torneos (padelearnings.com + padelfip.com), no una estimación genérica",padelearnings.com + padelfip.com + padelapi.org · elaboración propia,True
2026-09-21,J7357acd19f,Capucine Rochet,F,102,1,"Cifras reales de 72 torneos (padelearnings.com + padelfip.com), no una estimación genérica",padelearnings.com + padelfip.com + padelapi.org · elaboración propia,True
2026-09-21,Jf499976433,Chloe Rochet,F,102,1,"Cifras reales de 72 torneos (padelearnings.com + padelfip.com), no una estimación genérica",padelearnings.com + padelfip.com + padelapi.org · elaboración propia,True
2026-09-21,J283cf17172,Ferdaous Bahri,F,102,1,"Cifras reales de 72 torneos (padelearnings.com + padelfip.com), no una estimación genérica",padelearnings.com + padelfip.com + padelapi.org · elaboración propia,True
2026-09-21,Ja53fb29aaf,Melina Fawaz,F,102,1,"Cifras reales de 72 torneos (padelearnings.com + padelfip.com), no una estimación genérica",padelearnings.com + padelfip.com + padelapi.org · elaboración propia,True
2026-09-21,J8e4be28dd5,Riccardo Sinicropi,M,102,1,"Cifras reales de 72 torneos (padelearnings.com + padelfip.com), no una estimación genérica",padelearnings.com + padelfip.com + padelapi.org · elaboración propia,True
2026-09-21,Jcd023abfbc,Federico Alejandro Fleitas,M,102,1,"Cifras reales de 72 torneos (padelearnings.com + padelfip.com), no una estimación genérica",padelearnings.com + padelfip.com + padelapi.org · elaboración propia,True
2026-09-21,J0dcb7a3079,Cornelia Lister Haglind,F,102,1,"Cifras reales de 72 torneos (padelearnings.com + padelfip.com), no una estimación genérica",padelearnings.com + padelfip.com + padelapi.org · elaboración propia,True
2026-09-21,Jd9c7e61c4a,Maria Del Carmen Gallego Castaño,F,102,1,"Cifras reales de 72 torneos (padelearnings.com + padelfip.com), no una estimación genérica",padelearnings.com + padelfip.com + padelapi.org · elaboración propia,True
2026-09-21,J581c0d9830,Wagdy Raslan,M,102,2,"Cifras reales de 72 torneos (padelearnings.com + padelfip.com), no una estimación genérica",padelearnings.com + padelfip.com + padelapi.org · elaboración propia,True
2026-09-21,J6ac042d0d0,Mohamed Amr Menissy,M,102,1,"Cifras reales de 72 torneos (padelearnings.com + padelfip.com), no una estimación genérica",padelearnings.com + padelfip.com + padelapi.org · elaboración propia,True
2026-09-21,J8a046f78d0,Hassan Tarek Shaheen,M,102,1,"Cifras reales de 72 torneos (padelearnings.com + padelfip.com), no una estimación genérica",padelearnings.com + padelfip.com + padelapi.org · elaboración propia,True
2026-09-21,J8cbee5ba59,Aley Shokeir,M,102,1,"Cifras reales de 72 torneos (padelearnings.com + padelfip.com), no una estimación genérica",padelearnings.com + padelfip.com + padelapi.org · elaboración propia,True
